-- phpMyAdmin SQL Dump
-- version 4.9.5
-- https://www.phpmyadmin.net/
--
-- Host: localhost:3306
-- Generation Time: Feb 17, 2021 at 03:55 PM
-- Server version: 10.3.27-MariaDB
-- PHP Version: 7.3.26

SET SQL_MODE = "NO_AUTO_VALUE_ON_ZERO";
SET AUTOCOMMIT = 0;
START TRANSACTION;
SET time_zone = "+00:00";


/*!40101 SET @OLD_CHARACTER_SET_CLIENT=@@CHARACTER_SET_CLIENT */;
/*!40101 SET @OLD_CHARACTER_SET_RESULTS=@@CHARACTER_SET_RESULTS */;
/*!40101 SET @OLD_COLLATION_CONNECTION=@@COLLATION_CONNECTION */;
/*!40101 SET NAMES utf8mb4 */;

--
-- Database: `bcxkspna_test`
--

-- --------------------------------------------------------

--
-- Table structure for table `analytics`
--

CREATE TABLE `analytics` (
  `id` int(11) NOT NULL,
  `name` varchar(100) NOT NULL,
  `qty` text DEFAULT NULL,
  `price` text DEFAULT NULL,
  `login_id` int(11) NOT NULL
) ENGINE=MyISAM DEFAULT CHARSET=latin1;

--
-- Dumping data for table `analytics`
--

INSERT INTO `analytics` (`id`, `name`, `qty`, `price`, `login_id`) VALUES
(1934, 'Regular user', '23/Jan/2021', 'pramodinir@gmail.com', 0),
(1933, 'Regular user', '23/Jan/2021', 'hello@homebase.rf.gd', 0),
(1932, 'Regular user', '23/Jan/2021', 'hello@homebase.rf.gd', 0),
(1931, 'Regular user', '23/Jan/2021', 'hello@homebase.rf.gd', 0),
(1930, 'Regular user', '23/Jan/2021', 'hello@homebase.rf.gd', 0),
(1929, 'Regular user', '23/Jan/2021', 'hello@homebase.rf.gd', 0),
(1928, 'Regular user', '23/Jan/2021', 'hello@homebase.rf.gd', 0),
(1927, 'Regular user', '23/Jan/2021', 'hello@homebase.rf.gd', 0),
(1926, 'Regular user', '23/Jan/2021', 'hello@homebase.rf.gd', 0),
(1925, 'Regular user', '23/Jan/2021', 'hello@homebase.rf.gd', 0),
(1924, 'Regular user', '23/Jan/2021', 'hello@homebase.rf.gd', 0),
(1923, 'Regular user', '23/Jan/2021', 'hello@homebase.rf.gd', 0),
(1922, 'Regular user', '23/Jan/2021', 'hello@homebase.rf.gd', 0),
(1921, 'Regular user', '23/Jan/2021', 'hello@homebase.rf.gd', 0),
(1920, 'Regular user', '23/Jan/2021', 'hello@homebase.rf.gd', 0),
(1919, 'Regular user', '23/Jan/2021', 'hello@homebase.rf.gd', 0),
(1918, 'Regular user', '23/Jan/2021', 'hello@homebase.rf.gd', 0),
(1917, 'Regular user', '23/Jan/2021', 'pramodinir@gmail.com', 0),
(1916, 'Regular user', '23/Jan/2021', 'pramodinir@gmail.com', 0),
(1915, 'Regular user', '23/Jan/2021', 'pramodinir@gmail.com', 0),
(1914, 'Regular user', '23/Jan/2021', 'pramodinir@gmail.com', 0),
(1913, 'Regular user', '23/Jan/2021', 'pramodinir@gmail.com', 0),
(1912, 'Regular user', '23/Jan/2021', 'pramodinir@gmail.com', 0),
(1911, 'Regular user', '23/Jan/2021', 'pramodinir@gmail.com', 0),
(1910, 'Regular user', '23/Jan/2021', 'pramodinir@gmail.com', 0),
(1909, 'Regular user', '23/Jan/2021', 'pramodinir@gmail.com', 0),
(1908, 'Regular user', '23/Jan/2021', 'pramodinir@gmail.com', 0),
(1907, 'Regular user', '23/Jan/2021', 'pramodinir@gmail.com', 0),
(1906, 'Regular user', '23/Jan/2021', 'pramodinir@gmail.com', 0),
(1905, 'Regular user', '23/Jan/2021', 'hello@homebase.rf.gd', 0),
(1904, 'Regular user', '23/Jan/2021', 'hello@homebase.rf.gd', 0),
(1903, 'Regular user', '23/Jan/2021', 'hello@homebase.rf.gd', 0),
(1902, 'Regular user', '23/Jan/2021', '', 0),
(1901, 'Regular user', '23/Jan/2021', 'hello@homebase.rf.gd', 0),
(1900, 'Regular user', '23/Jan/2021', '', 0),
(1899, 'Regular user', '23/Jan/2021', 'hello@homebase.rf.gd', 0),
(1898, 'Regular user', '23/Jan/2021', 'hello@homebase.rf.gd', 0),
(1897, 'Regular user', '23/Jan/2021', '', 0),
(1896, 'Regular user', '22/Jan/2021', 'pramodinir@gmail.com', 0),
(1895, 'Regular user', '22/Jan/2021', 'pramodinir@gmail.com', 0),
(1894, 'Regular user', '22/Jan/2021', 'pramodinir@gmail.com', 0),
(1893, 'Regular user', '22/Jan/2021', 'pramodinir@gmail.com', 0),
(1892, 'Regular user', '22/Jan/2021', 'pramodinir@gmail.com', 0),
(1891, 'Regular user', '22/Jan/2021', 'pramodinir@gmail.com', 0),
(1890, 'Regular user', '22/Jan/2021', 'pramodinir@gmail.com', 0),
(1889, 'Regular user', '22/Jan/2021', 'pramodinir@gmail.com', 0),
(1888, 'Regular user', '22/Jan/2021', 'pramodinir@gmail.com', 0),
(1887, 'Regular user', '22/Jan/2021', '', 0),
(1886, 'Regular user', '22/Jan/2021', 'hello@homebase.rf.gd', 0),
(1885, 'Regular user', '22/Jan/2021', 'hello@homebase.rf.gd', 0),
(1884, 'Regular user', '22/Jan/2021', '', 0),
(1883, 'Regular user', '22/Jan/2021', 'hello@homebase.rf.gd', 0),
(1882, 'Regular user', '22/Jan/2021', 'hello@homebase.rf.gd', 0),
(1881, 'Regular user', '22/Jan/2021', '', 0),
(1880, 'Regular user', '22/Jan/2021', '', 0),
(1879, 'Regular user', '22/Jan/2021', 'hello@homebase.rf.gd', 0),
(1878, 'Regular user', '22/Jan/2021', 'hello@homebase.rf.gd', 0),
(1877, 'Regular user', '22/Jan/2021', '', 0),
(1876, 'Regular user', '22/Jan/2021', 'hello@homebase.rf.gd', 0),
(1875, 'Regular user', '22/Jan/2021', 'hello@homebase.rf.gd', 0),
(1874, 'Regular user', '22/Jan/2021', '', 0),
(1873, 'Regular user', '22/Jan/2021', '', 0),
(1872, 'Regular user', '22/Jan/2021', 'hello@homebase.rf.gd', 0),
(1871, 'Regular user', '22/Jan/2021', '', 0),
(1870, 'Regular user', '22/Jan/2021', '', 0),
(1869, 'Regular user', '22/Jan/2021', 'hello@homebase.rf.gd', 0),
(1868, 'Regular user', '22/Jan/2021', 'hello@homebase.rf.gd', 0),
(1867, 'Regular user', '22/Jan/2021', 'hello@homebase.rf.gd', 0),
(1866, 'Regular user', '22/Jan/2021', 'hello@homebase.rf.gd', 0),
(1865, 'Regular user', '22/Jan/2021', 'hello@homebase.rf.gd', 0),
(1864, 'Regular user', '22/Jan/2021', 'hello@homebase.rf.gd', 0),
(1863, 'Regular user', '22/Jan/2021', 'hello@homebase.rf.gd', 0),
(1862, 'Regular user', '22/Jan/2021', '', 0),
(1861, 'Regular user', '22/Jan/2021', '', 0),
(1860, 'Regular user', '22/Jan/2021', '', 0),
(1859, 'Regular user', '22/Jan/2021', '', 0),
(1858, 'Regular user', '22/Jan/2021', '', 0),
(1857, 'Regular user', '22/Jan/2021', '', 0),
(1856, 'Regular user', '22/Jan/2021', '', 0),
(1855, 'Regular user', '22/Jan/2021', '', 0),
(1854, 'Regular user', '22/Jan/2021', '', 0),
(1853, 'Regular user', '22/Jan/2021', '', 0),
(1852, 'Regular user', '22/Jan/2021', '', 0),
(1851, 'Regular user', '22/Jan/2021', '', 0),
(1850, 'Regular user', '22/Jan/2021', '', 0),
(1849, 'Regular user', '22/Jan/2021', '', 0),
(1848, 'Regular user', '22/Jan/2021', '', 0),
(1847, 'Regular user', '21/Jan/2021', 'hello@homebase.rf.gd', 0),
(1846, 'Regular user', '21/Jan/2021', 'hello@homebase.rf.gd', 0),
(1845, 'Regular user', '21/Jan/2021', 'hello@homebase.rf.gd', 0),
(1844, 'Regular user', '21/Jan/2021', 'hello@homebase.rf.gd', 0),
(1843, 'Regular user', '21/Jan/2021', 'hello@homebase.rf.gd', 0),
(1842, 'Regular user', '21/Jan/2021', 'hello@homebase.rf.gd', 0),
(1841, 'Regular user', '21/Jan/2021', 'hello@homebase.rf.gd', 0),
(1840, 'Regular user', '21/Jan/2021', 'hello@homebase.rf.gd', 0),
(1839, 'Regular user', '21/Jan/2021', 'hello@homebase.rf.gd', 0),
(1838, 'Regular user', '21/Jan/2021', 'hello@homebase.rf.gd', 0),
(1837, 'Regular user', '21/Jan/2021', 'hello@homebase.rf.gd', 0),
(1836, 'Regular user', '21/Jan/2021', 'hello@homebase.rf.gd', 0),
(1835, 'Regular user', '21/Jan/2021', 'hello@homebase.rf.gd', 0),
(1834, 'Regular user', '21/Jan/2021', 'hello@homebase.rf.gd', 0),
(1833, 'Regular user', '21/Jan/2021', 'hello@homebase.rf.gd', 0),
(1832, 'Regular user', '21/Jan/2021', 'hello@homebase.rf.gd', 0),
(1831, 'Regular user', '21/Jan/2021', 'hello@homebase.rf.gd', 0),
(1830, 'Regular user', '21/Jan/2021', 'hello@homebase.rf.gd', 0),
(1829, 'Regular user', '21/Jan/2021', 'hello@homebase.rf.gd', 0),
(1828, 'Regular user', '21/Jan/2021', 'hello@homebase.rf.gd', 0),
(1827, 'Regular user', '21/Jan/2021', 'hello@homebase.rf.gd', 0),
(1826, 'Regular user', '21/Jan/2021', 'hello@homebase.rf.gd', 0),
(1825, 'Regular user', '21/Jan/2021', 'hello@homebase.rf.gd', 0),
(1824, 'Regular user', '21/Jan/2021', 'hello@homebase.rf.gd', 0),
(1823, 'Regular user', '21/Jan/2021', 'hello@homebase.rf.gd', 0),
(1822, 'Regular user', '21/Jan/2021', 'hello@homebase.rf.gd', 0),
(1821, 'Regular user', '21/Jan/2021', 'hello@homebase.rf.gd', 0),
(1820, 'Regular user', '21/Jan/2021', 'hello@homebase.rf.gd', 0),
(1819, 'Regular user', '21/Jan/2021', 'hello@homebase.rf.gd', 0),
(1818, 'Regular user', '21/Jan/2021', 'hello@homebase.rf.gd', 0),
(1817, 'Regular user', '21/Jan/2021', 'hello@homebase.rf.gd', 0),
(1816, 'Regular user', '21/Jan/2021', 'hello@homebase.rf.gd', 0),
(1815, 'Regular user', '21/Jan/2021', 'hello@homebase.rf.gd', 0),
(1814, 'Regular user', '21/Jan/2021', 'hello@homebase.rf.gd', 0),
(1813, 'Regular user', '21/Jan/2021', 'hello@homebase.rf.gd', 0),
(1812, 'Regular user', '21/Jan/2021', 'hello@homebase.rf.gd', 0),
(1811, 'Regular user', '21/Jan/2021', 'hello@homebase.rf.gd', 0),
(1810, 'Regular user', '21/Jan/2021', 'hello@homebase.rf.gd', 0),
(1809, 'Regular user', '21/Jan/2021', 'hello@homebase.rf.gd', 0),
(1808, 'Regular user', '21/Jan/2021', 'hello@homebase.rf.gd', 0),
(1807, 'Regular user', '21/Jan/2021', 'hello@homebase.rf.gd', 0),
(1806, 'Regular user', '21/Jan/2021', 'hello@homebase.rf.gd', 0),
(1805, 'Regular user', '21/Jan/2021', 'hello@homebase.rf.gd', 0),
(1804, 'Regular user', '21/Jan/2021', 'hello@homebase.rf.gd', 0),
(1803, 'Regular user', '21/Jan/2021', 'hello@homebase.rf.gd', 0),
(1802, 'Regular user', '21/Jan/2021', 'hello@homebase.rf.gd', 0),
(1801, 'Regular user', '21/Jan/2021', 'hello@homebase.rf.gd', 0),
(1800, 'Regular user', '21/Jan/2021', 'hello@homebase.rf.gd', 0),
(1799, 'Regular user', '21/Jan/2021', 'hello@homebase.rf.gd', 0),
(1798, 'Regular user', '21/Jan/2021', 'hello@homebase.rf.gd', 0),
(1797, 'Regular user', '21/Jan/2021', 'hello@homebase.rf.gd', 0),
(1796, 'Regular user', '21/Jan/2021', 'hello@homebase.rf.gd', 0),
(1795, 'ADMIN', '21/Jan/2021', '', 0),
(1794, 'ADMIN', '21/Jan/2021', '', 0),
(1793, 'ADMIN', '21/Jan/2021', '', 0),
(1792, 'Regular user', '21/Jan/2021', 'hello@homebase.rf.gd', 0),
(1791, 'Unknown', '21/Jan/2021', '68.225.245.178', 0),
(1790, 'Unknown', '21/Jan/2021', '68.225.245.178', 0),
(1789, 'Unknown', '21/Jan/2021', '68.225.245.178', 0),
(1788, 'Regular user', '21/Jan/2021', 'hello@homebase.rf.gd', 0),
(1787, 'Regular user', '21/Jan/2021', 'hello@homebase.rf.gd', 0),
(1786, 'Regular user', '21/Jan/2021', 'hello@homebase.rf.gd', 0),
(1785, 'Regular user', '21/Jan/2021', 'hello@homebase.rf.gd', 0),
(1784, 'Regular user', '21/Jan/2021', '', 0),
(1783, 'Regular user', '21/Jan/2021', '', 0),
(1782, 'Regular user', '21/Jan/2021', 'hello@homebase.rf.gd', 0),
(1781, 'Regular user', '21/Jan/2021', 'hello@homebase.rf.gd', 0),
(1780, 'Regular user', '21/Jan/2021', 'hello@homebase.rf.gd', 0),
(1779, 'Regular user', '21/Jan/2021', 'hello@homebase.rf.gd', 0),
(1778, 'Regular user', '21/Jan/2021', 'hello@homebase.rf.gd', 0),
(1777, 'Regular user', '21/Jan/2021', 'hello@homebase.rf.gd', 0),
(1776, 'Regular user', '21/Jan/2021', 'hello@homebase.rf.gd', 0),
(1775, 'Regular user', '21/Jan/2021', 'hello@homebase.rf.gd', 0),
(1774, 'Regular user', '21/Jan/2021', 'hello@homebase.rf.gd', 0),
(1773, 'Regular user', '21/Jan/2021', 'hello@homebase.rf.gd', 0),
(1772, 'Regular user', '21/Jan/2021', 'hello@homebase.rf.gd', 0),
(1771, 'Regular user', '21/Jan/2021', 'hello@homebase.rf.gd', 0),
(1770, 'Regular user', '21/Jan/2021', 'hello@homebase.rf.gd', 0),
(1769, 'Regular user', '21/Jan/2021', 'hello@homebase.rf.gd', 0),
(1768, 'Regular user', '21/Jan/2021', 'hello@homebase.rf.gd', 0),
(1767, 'Regular user', '21/Jan/2021', 'hello@homebase.rf.gd', 0),
(1766, 'Regular user', '21/Jan/2021', 'hello@homebase.rf.gd', 0),
(1765, 'Regular user', '21/Jan/2021', 'hello@homebase.rf.gd', 0),
(1764, 'Regular user', '21/Jan/2021', 'hello@homebase.rf.gd', 0),
(1763, 'Regular user', '21/Jan/2021', 'hello@homebase.rf.gd', 0),
(1762, 'Regular user', '21/Jan/2021', 'hello@homebase.rf.gd', 0),
(1761, 'Regular user', '21/Jan/2021', 'hello@homebase.rf.gd', 0),
(1760, 'Regular user', '21/Jan/2021', 'hello@homebase.rf.gd', 0),
(1759, 'Regular user', '21/Jan/2021', 'hello@homebase.rf.gd', 0),
(1758, 'Regular user', '21/Jan/2021', 'hello@homebase.rf.gd', 0),
(1757, 'Regular user', '21/Jan/2021', 'hello@homebase.rf.gd', 0),
(1756, 'Regular user', '21/Jan/2021', 'hello@homebase.rf.gd', 0),
(1755, 'Regular user', '21/Jan/2021', 'hello@homebase.rf.gd', 0),
(1754, 'Regular user', '21/Jan/2021', 'hello@homebase.rf.gd', 0),
(1753, 'Regular user', '21/Jan/2021', 'hello@homebase.rf.gd', 0),
(1752, 'Regular user', '21/Jan/2021', 'hello@homebase.rf.gd', 0),
(1751, 'Regular user', '21/Jan/2021', 'hello@homebase.rf.gd', 0),
(1750, 'Regular user', '21/Jan/2021', 'captainkirk@gmail.com', 0),
(1749, 'Regular user', '21/Jan/2021', 'captainkirk@gmail.com', 0),
(1748, 'Regular user', '21/Jan/2021', 'captainkirk@gmail.com', 0),
(1747, 'Regular user', '21/Jan/2021', 'captainkirk@gmail.com', 0),
(1746, 'Regular user', '21/Jan/2021', 'captainkirk@gmail.com', 0),
(1745, 'Regular user', '21/Jan/2021', 'captainkirk@gmail.com', 0),
(1744, 'Regular user', '21/Jan/2021', 'captainkirk@gmail.com', 0),
(1743, 'Regular user', '21/Jan/2021', 'captainkirk@gmail.com', 0),
(1742, 'Regular user', '21/Jan/2021', 'captainkirk@gmail.com', 0),
(1741, 'Regular user', '21/Jan/2021', 'captainkirk@gmail.com', 0),
(1740, 'Regular user', '21/Jan/2021', 'captainkirk@gmail.com', 0),
(1739, 'Regular user', '21/Jan/2021', 'captainkirk@gmail.com', 0),
(1738, 'Regular user', '21/Jan/2021', 'captainkirk@gmail.com', 0),
(1737, 'Regular user', '21/Jan/2021', 'captainkirk@gmail.com', 0),
(1736, 'Regular user', '21/Jan/2021', 'captainkirk@gmail.com', 0),
(1735, 'Regular user', '21/Jan/2021', 'captainkirk@gmail.com', 0),
(1734, 'Regular user', '21/Jan/2021', 'captainkirk@gmail.com', 0),
(1733, 'Regular user', '21/Jan/2021', 'captainkirk@gmail.com', 0),
(1732, 'Regular user', '21/Jan/2021', 'captainkirk@gmail.com', 0),
(1731, 'Regular user', '21/Jan/2021', 'captainkirk@gmail.com', 0),
(1730, 'Regular user', '21/Jan/2021', 'captainkirk@gmail.com', 0),
(1729, 'Regular user', '21/Jan/2021', 'captainkirk@gmail.com', 0),
(1728, 'Regular user', '21/Jan/2021', 'captainkirk@gmail.com', 0),
(1727, 'Regular user', '21/Jan/2021', 'captainkirk@gmail.com', 0),
(1726, 'Regular user', '21/Jan/2021', 'captainkirk@gmail.com', 0),
(1725, 'Regular user', '21/Jan/2021', 'captainkirk@gmail.com', 0),
(1724, 'Regular user', '21/Jan/2021', 'captainkirk@gmail.com', 0),
(1723, 'Regular user', '21/Jan/2021', 'captainkirk@gmail.com', 0),
(1722, 'Regular user', '21/Jan/2021', 'captainkirk@gmail.com', 0),
(1721, 'Regular user', '21/Jan/2021', 'captainkirk@gmail.com', 0),
(1720, 'Regular user', '21/Jan/2021', 'hello@homebase.rf.gd', 0),
(1719, 'Regular user', '21/Jan/2021', 'hello@homebase.rf.gd', 0),
(1718, 'Regular user', '21/Jan/2021', 'hello@homebase.rf.gd', 0),
(1717, 'Regular user', '21/Jan/2021', '', 0),
(1716, 'Regular user', '21/Jan/2021', 'hello@homebase.rf.gd', 0),
(1715, 'Regular user', '21/Jan/2021', '', 0),
(1714, 'Regular user', '21/Jan/2021', 'hello@homebase.rf.gd', 0),
(1713, 'Regular user', '21/Jan/2021', 'hello@homebase.rf.gd', 0),
(1712, 'Regular user', '21/Jan/2021', 'hello@homebase.rf.gd', 0),
(1711, 'Regular user', '21/Jan/2021', 'hello@homebase.rf.gd', 0),
(1710, 'Regular user', '21/Jan/2021', 'hello@homebase.rf.gd', 0),
(1709, 'Regular user', '21/Jan/2021', 'hello@homebase.rf.gd', 0),
(1708, 'Regular user', '21/Jan/2021', 'hello@homebase.rf.gd', 0),
(1707, 'Regular user', '21/Jan/2021', 'hello@homebase.rf.gd', 0),
(1706, 'Regular user', '21/Jan/2021', 'hello@homebase.rf.gd', 0),
(1705, 'Regular user', '20/Jan/2021', 'hello@homebase.rf.gd', 0),
(1704, 'Regular user', '20/Jan/2021', 'hello@homebase.rf.gd', 0),
(1703, 'Regular user', '20/Jan/2021', 'hello@homebase.rf.gd', 0),
(1702, 'Regular user', '20/Jan/2021', 'hello@homebase.rf.gd', 0),
(1701, 'Regular user', '20/Jan/2021', 'hello@homebase.rf.gd', 0),
(1700, 'Regular user', '20/Jan/2021', 'hello@homebase.rf.gd', 0),
(1699, 'Regular user', '20/Jan/2021', 'hello@homebase.rf.gd', 0),
(1698, 'Regular user', '20/Jan/2021', 'hello@homebase.rf.gd', 0),
(1697, 'Regular user', '20/Jan/2021', 'hello@homebase.rf.gd', 0),
(1696, 'Regular user', '20/Jan/2021', 'hello@homebase.rf.gd', 0),
(1695, 'Regular user', '20/Jan/2021', 'hello@homebase.rf.gd', 0),
(1694, 'Regular user', '20/Jan/2021', 'hello@homebase.rf.gd', 0),
(1693, 'Regular user', '20/Jan/2021', 'hello@homebase.rf.gd', 0),
(1692, 'Regular user', '20/Jan/2021', 'hello@homebase.rf.gd', 0),
(1691, 'Regular user', '20/Jan/2021', 'hello@homebase.rf.gd', 0),
(1690, 'Regular user', '20/Jan/2021', 'hello@homebase.rf.gd', 0),
(1689, 'Regular user', '20/Jan/2021', 'hello@homebase.rf.gd', 0),
(1688, 'Regular user', '20/Jan/2021', 'hello@homebase.rf.gd', 0),
(1687, 'Regular user', '20/Jan/2021', 'hello@homebase.rf.gd', 0),
(1686, 'Regular user', '20/Jan/2021', 'hello@homebase.rf.gd', 0),
(1685, 'Regular user', '20/Jan/2021', 'hello@homebase.rf.gd', 0),
(1684, 'Regular user', '20/Jan/2021', 'hello@homebase.rf.gd', 0),
(1683, 'Regular user', '20/Jan/2021', 'hello@homebase.rf.gd', 0),
(1682, 'Regular user', '20/Jan/2021', 'hello@homebase.rf.gd', 0),
(1681, 'Regular user', '20/Jan/2021', 'hello@homebase.rf.gd', 0),
(1680, 'Regular user', '20/Jan/2021', 'hello@homebase.rf.gd', 0),
(1679, 'Regular user', '20/Jan/2021', 'hello@homebase.rf.gd', 0),
(1678, 'Regular user', '20/Jan/2021', 'hello@homebase.rf.gd', 0),
(1677, 'Regular user', '20/Jan/2021', 'hello@homebase.rf.gd', 0),
(1676, 'Regular user', '20/Jan/2021', 'hello@homebase.rf.gd', 0),
(1675, 'Regular user', '20/Jan/2021', 'hello@homebase.rf.gd', 0),
(1674, 'Regular user', '20/Jan/2021', 'hello@homebase.rf.gd', 0),
(1673, 'Regular user', '20/Jan/2021', 'hello@homebase.rf.gd', 0),
(1672, 'Regular user', '20/Jan/2021', 'hello@homebase.rf.gd', 0),
(1671, 'Regular user', '20/Jan/2021', 'hello@homebase.rf.gd', 0),
(1670, 'Regular user', '20/Jan/2021', 'hello@homebase.rf.gd', 0),
(1669, 'Regular user', '20/Jan/2021', 'hello@homebase.rf.gd', 0),
(1668, 'Regular user', '20/Jan/2021', 'hello@homebase.rf.gd', 0),
(1667, 'Regular user', '20/Jan/2021', 'hello@homebase.rf.gd', 0),
(1666, 'Regular user', '20/Jan/2021', 'hello@homebase.rf.gd', 0),
(1665, 'Regular user', '20/Jan/2021', 'hello@homebase.rf.gd', 0),
(1664, 'Regular user', '20/Jan/2021', 'hello@homebase.rf.gd', 0),
(1663, 'Regular user', '20/Jan/2021', 'hello@homebase.rf.gd', 0),
(1662, 'Regular user', '20/Jan/2021', '', 0),
(1661, 'Regular user', '20/Jan/2021', 'hello@homebase.rf.gd', 0),
(1660, 'Regular user', '20/Jan/2021', 'hello@homebase.rf.gd', 0),
(1659, 'Regular user', '20/Jan/2021', 'hello@homebase.rf.gd', 0),
(1658, 'Regular user', '20/Jan/2021', 'hello@homebase.rf.gd', 0),
(1657, 'Regular user', '20/Jan/2021', '', 0),
(1656, 'Regular user', '20/Jan/2021', 'captainkirk@gmail.com', 0),
(1655, 'Regular user', '20/Jan/2021', 'captainkirk@gmail.com', 0),
(1654, 'Regular user', '20/Jan/2021', '', 0),
(1653, 'Regular user', '20/Jan/2021', '', 0),
(1652, 'Regular user', '20/Jan/2021', 'jk', 0),
(1651, 'Regular user', '20/Jan/2021', 'jk', 0),
(1650, 'Regular user', '20/Jan/2021', 'hello@homebase.rf.gd', 0),
(1649, 'Regular user', '20/Jan/2021', 'hello@homebase.rf.gd', 0),
(1648, 'Regular user', '20/Jan/2021', 'hello@homebase.rf.gd', 0),
(1647, 'Regular user', '20/Jan/2021', 'hello@homebase.rf.gd', 0),
(1646, 'Regular user', '20/Jan/2021', '', 0),
(1645, 'Regular user', '20/Jan/2021', '', 0),
(1644, 'Regular user', '20/Jan/2021', 'hello@homebase.rf.gd', 0),
(1643, 'Regular user', '20/Jan/2021', 'hello@homebase.rf.gd', 0),
(1642, 'Regular user', '20/Jan/2021', 'hello@homebase.rf.gd', 0),
(1641, 'Regular user', '20/Jan/2021', 'hello@homebase.rf.gd', 0),
(1640, 'Regular user', '20/Jan/2021', 'hello@homebase.rf.gd', 0),
(1639, 'Regular user', '20/Jan/2021', 'hello@homebase.rf.gd', 0),
(1638, 'Regular user', '20/Jan/2021', 'hello@homebase.rf.gd', 0),
(1637, 'Regular user', '20/Jan/2021', 'hello@homebase.rf.gd', 0),
(1636, 'Regular user', '20/Jan/2021', 'hello@homebase.rf.gd', 0),
(1635, 'Regular user', '20/Jan/2021', 'hello@homebase.rf.gd', 0),
(1634, 'Regular user', '20/Jan/2021', 'hello@homebase.rf.gd', 0),
(1633, 'Regular user', '20/Jan/2021', 'hello@homebase.rf.gd', 0),
(1632, 'Unknown', '20/Jan/2021', '68.225.245.178', 0),
(1631, 'Unknown', '20/Jan/2021', '68.225.245.178', 0),
(1630, 'Unknown', '20/Jan/2021', '68.225.245.178', 0),
(1629, 'Regular user', '19/Jan/2021', 'hello@homebase.rf.gd', 0),
(1628, 'Regular user', '19/Jan/2021', '', 0),
(1627, 'Regular user', '19/Jan/2021', 'hello@homebase.rf.gd', 0),
(1626, 'Regular user', '19/Jan/2021', 'hello@homebase.rf.gd', 0),
(1625, 'Regular user', '19/Jan/2021', 'hello@homebase.rf.gd', 0),
(1624, 'Regular user', '19/Jan/2021', 'hello@homebase.rf.gd', 0),
(1623, 'Regular user', '19/Jan/2021', 'hello@homebase.rf.gd', 0),
(1622, 'Regular user', '19/Jan/2021', 'hello@homebase.rf.gd', 0),
(1621, 'Regular user', '19/Jan/2021', 'hello@homebase.rf.gd', 0),
(1620, 'Regular user', '19/Jan/2021', 'hello@homebase.rf.gd', 0),
(1619, 'Regular user', '19/Jan/2021', 'hello@homebase.rf.gd', 0),
(1618, 'Regular user', '19/Jan/2021', 'hello@homebase.rf.gd', 0),
(1617, 'Regular user', '19/Jan/2021', 'hello@homebase.rf.gd', 0),
(1616, 'Regular user', '19/Jan/2021', 'hello@homebase.rf.gd', 0),
(1615, 'Regular user', '19/Jan/2021', 'hello@homebase.rf.gd', 0),
(1614, 'Regular user', '19/Jan/2021', 'hello@homebase.rf.gd', 0),
(1613, 'Regular user', '19/Jan/2021', 'hello@homebase.rf.gd', 0),
(1612, 'Regular user', '19/Jan/2021', 'hello@homebase.rf.gd', 0),
(1611, 'Regular user', '19/Jan/2021', 'hello@homebase.rf.gd', 0),
(1610, 'Regular user', '19/Jan/2021', 'hello@homebase.rf.gd', 0),
(1609, 'Regular user', '19/Jan/2021', 'hello@homebase.rf.gd', 0),
(1608, 'Regular user', '19/Jan/2021', 'hello@homebase.rf.gd', 0),
(1607, 'Regular user', '19/Jan/2021', 'hello@homebase.rf.gd', 0),
(1606, 'Regular user', '19/Jan/2021', 'hello@homebase.rf.gd', 0),
(1605, 'Regular user', '19/Jan/2021', 'hello@homebase.rf.gd', 0),
(1604, 'Regular user', '19/Jan/2021', 'hello@homebase.rf.gd', 0),
(1603, 'Regular user', '19/Jan/2021', 'hello@homebase.rf.gd', 0),
(1602, 'Regular user', '19/Jan/2021', 'hello@homebase.rf.gd', 0),
(1601, 'Regular user', '19/Jan/2021', 'hello@homebase.rf.gd', 0),
(1600, 'Regular user', '19/Jan/2021', 'hello@homebase.rf.gd', 0),
(1599, 'Regular user', '19/Jan/2021', 'hello@homebase.rf.gd', 0),
(1598, 'Regular user', '19/Jan/2021', 'hello@homebase.rf.gd', 0),
(1597, 'Regular user', '19/Jan/2021', 'hello@homebase.rf.gd', 0),
(1596, 'Regular user', '19/Jan/2021', 'hello@homebase.rf.gd', 0),
(1595, 'Regular user', '19/Jan/2021', 'hello@homebase.rf.gd', 0),
(1594, 'Regular user', '19/Jan/2021', 'hello@homebase.rf.gd', 0),
(1593, 'Regular user', '19/Jan/2021', 'hello@homebase.rf.gd', 0),
(1592, 'Regular user', '19/Jan/2021', 'hello@homebase.rf.gd', 0),
(1591, 'Regular user', '19/Jan/2021', 'hello@homebase.rf.gd', 0),
(1590, 'Regular user', '19/Jan/2021', 'hello@homebase.rf.gd', 0),
(1589, 'Regular user', '19/Jan/2021', 'hello@homebase.rf.gd', 0),
(1588, 'Regular user', '18/Jan/2021', '', 0),
(1587, 'Regular user', '18/Jan/2021', '', 0),
(1586, 'Regular user', '18/Jan/2021', 'hello@homebase.rf.gd', 0),
(1585, 'Regular user', '18/Jan/2021', 'hello@homebase.rf.gd', 0),
(1584, 'Regular user', '18/Jan/2021', 'hello@homebase.rf.gd', 0),
(1583, 'Regular user', '18/Jan/2021', 'hello@homebase.rf.gd', 0),
(1582, 'Regular user', '18/Jan/2021', 'hello@homebase.rf.gd', 0),
(1581, 'Regular user', '18/Jan/2021', 'hello@homebase.rf.gd', 0),
(1580, 'Regular user', '18/Jan/2021', 'hello@homebase.rf.gd', 0),
(1579, 'Regular user', '18/Jan/2021', 'hello@homebase.rf.gd', 0),
(1578, 'Regular user', '18/Jan/2021', 'hello@homebase.rf.gd', 0),
(1577, 'Regular user', '18/Jan/2021', 'hello@homebase.rf.gd', 0),
(1576, 'Regular user', '18/Jan/2021', 'hello@homebase.rf.gd', 0),
(1575, 'Regular user', '18/Jan/2021', 'hello@homebase.rf.gd', 0),
(1574, 'Regular user', '18/Jan/2021', 'hello@homebase.rf.gd', 0),
(1573, 'Regular user', '18/Jan/2021', 'hello@homebase.rf.gd', 0),
(1572, 'Regular user', '18/Jan/2021', 'hello@homebase.rf.gd', 0),
(1571, 'Regular user', '18/Jan/2021', 'hello@homebase.rf.gd', 0),
(1570, 'Regular user', '18/Jan/2021', 'hello@homebase.rf.gd', 0),
(1569, 'Regular user', '18/Jan/2021', 'hello@homebase.rf.gd', 0),
(1568, 'Regular user', '18/Jan/2021', 'hello@homebase.rf.gd', 0),
(1567, 'Regular user', '18/Jan/2021', 'hello@homebase.rf.gd', 0),
(1566, 'Regular user', '18/Jan/2021', 'hello@homebase.rf.gd', 0),
(1565, 'Regular user', '18/Jan/2021', 'hello@homebase.rf.gd', 0),
(1564, 'Regular user', '18/Jan/2021', 'hello@homebase.rf.gd', 0),
(1563, 'Regular user', '18/Jan/2021', 'hello@homebase.rf.gd', 0),
(1562, 'Regular user', '18/Jan/2021', 'hello@homebase.rf.gd', 0),
(1561, 'Regular user', '18/Jan/2021', 'hello@homebase.rf.gd', 0),
(1560, 'Regular user', '18/Jan/2021', 'hello@homebase.rf.gd', 0),
(1559, 'Regular user', '18/Jan/2021', 'hello@homebase.rf.gd', 0),
(1558, 'Regular user', '18/Jan/2021', 'hello@homebase.rf.gd', 0),
(1557, 'Regular user', '18/Jan/2021', 'hello@homebase.rf.gd', 0),
(1556, 'Regular user', '18/Jan/2021', 'hello@homebase.rf.gd', 0),
(1555, 'Regular user', '18/Jan/2021', 'hello@homebase.rf.gd', 0),
(1554, 'Regular user', '18/Jan/2021', 'hello@homebase.rf.gd', 0),
(1553, 'Regular user', '18/Jan/2021', 'hello@homebase.rf.gd', 0),
(1552, 'Regular user', '18/Jan/2021', 'hello@homebase.rf.gd', 0),
(1551, 'Regular user', '18/Jan/2021', 'hello@homebase.rf.gd', 0),
(1550, 'Regular user', '18/Jan/2021', 'hello@homebase.rf.gd', 0),
(1549, 'Regular user', '18/Jan/2021', 'hello@homebase.rf.gd', 0),
(1548, 'Regular user', '18/Jan/2021', 'hello@homebase.rf.gd', 0),
(1547, 'Regular user', '18/Jan/2021', 'hello@homebase.rf.gd', 0),
(1546, 'Regular user', '18/Jan/2021', 'hello@homebase.rf.gd', 0),
(1545, 'Regular user', '18/Jan/2021', 'hello@homebase.rf.gd', 0),
(1544, 'Regular user', '18/Jan/2021', 'hello@homebase.rf.gd', 0),
(1543, 'Regular user', '18/Jan/2021', 'hello@homebase.rf.gd', 0),
(1542, 'Regular user', '18/Jan/2021', 'hello@homebase.rf.gd', 0),
(1541, 'Regular user', '18/Jan/2021', 'hello@homebase.rf.gd', 0),
(1540, 'Regular user', '18/Jan/2021', 'hello@homebase.rf.gd', 0),
(1539, 'Regular user', '18/Jan/2021', 'hello@homebase.rf.gd', 0),
(1538, 'Regular user', '18/Jan/2021', 'hello@homebase.rf.gd', 0),
(1537, 'Regular user', '18/Jan/2021', 'hello@homebase.rf.gd', 0),
(1536, 'Regular user', '18/Jan/2021', 'hello@homebase.rf.gd', 0),
(1535, 'Regular user', '18/Jan/2021', 'hello@homebase.rf.gd', 0),
(1534, 'Regular user', '18/Jan/2021', 'hello@homebase.rf.gd', 0),
(1533, 'Regular user', '18/Jan/2021', 'hello@homebase.rf.gd', 0),
(1532, 'Regular user', '18/Jan/2021', 'hello@homebase.rf.gd', 0),
(1531, 'Regular user', '18/Jan/2021', 'hello@homebase.rf.gd', 0),
(1530, 'Regular user', '18/Jan/2021', 'hello@homebase.rf.gd', 0),
(1529, 'Regular user', '18/Jan/2021', 'hello@homebase.rf.gd', 0),
(1528, 'Regular user', '18/Jan/2021', 'hello@homebase.rf.gd', 0),
(1527, 'Regular user', '18/Jan/2021', 'hello@homebase.rf.gd', 0),
(1526, 'Regular user', '18/Jan/2021', 'hello@homebase.rf.gd', 0),
(1525, 'Regular user', '18/Jan/2021', 'hello@homebase.rf.gd', 0),
(1524, 'Regular user', '18/Jan/2021', 'hello@homebase.rf.gd', 0),
(1523, 'Regular user', '18/Jan/2021', 'hello@homebase.rf.gd', 0),
(1522, 'Regular user', '18/Jan/2021', 'hello@homebase.rf.gd', 0),
(1521, 'Regular user', '18/Jan/2021', 'hello@homebase.rf.gd', 0),
(1520, 'Regular user', '18/Jan/2021', 'hello@homebase.rf.gd', 0),
(1519, 'Regular user', '18/Jan/2021', 'hello@homebase.rf.gd', 0),
(1518, 'Regular user', '18/Jan/2021', 'hello@homebase.rf.gd', 0),
(1517, 'Regular user', '18/Jan/2021', 'hello@homebase.rf.gd', 0),
(1516, 'Regular user', '18/Jan/2021', 'hello@homebase.rf.gd', 0),
(1515, 'Regular user', '18/Jan/2021', 'hello@homebase.rf.gd', 0),
(1514, 'Regular user', '18/Jan/2021', 'hello@homebase.rf.gd', 0),
(1513, 'Regular user', '18/Jan/2021', 'hello@homebase.rf.gd', 0),
(1512, 'Regular user', '18/Jan/2021', 'hello@homebase.rf.gd', 0),
(1511, 'Regular user', '18/Jan/2021', 'hello@homebase.rf.gd', 0),
(1510, 'Regular user', '18/Jan/2021', '', 0),
(1509, 'Regular user', '18/Jan/2021', 'hello@homebase.rf.gd', 0),
(1508, 'Regular user', '18/Jan/2021', 'hello@homebase.rf.gd', 0),
(1507, 'Regular user', '18/Jan/2021', 'hello@homebase.rf.gd', 0),
(1506, 'Regular user', '18/Jan/2021', 'hello@homebase.rf.gd', 0),
(1505, 'Regular user', '18/Jan/2021', 'hello@homebase.rf.gd', 0),
(1504, 'Regular user', '18/Jan/2021', 'hello@homebase.rf.gd', 0),
(1503, 'Regular user', '18/Jan/2021', 'hello@homebase.rf.gd', 0),
(1502, 'Regular user', '18/Jan/2021', 'hello@homebase.rf.gd', 0),
(1501, 'Regular user', '18/Jan/2021', 'hello@homebase.rf.gd', 0),
(1500, 'Regular user', '18/Jan/2021', 'hello@homebase.rf.gd', 0),
(1499, 'Regular user', '18/Jan/2021', 'hello@homebase.rf.gd', 0),
(1498, 'Regular user', '18/Jan/2021', 'hello@homebase.rf.gd', 0),
(1497, 'Regular user', '18/Jan/2021', 'hello@homebase.rf.gd', 0),
(1496, 'Regular user', '18/Jan/2021', 'hello@homebase.rf.gd', 0),
(1495, 'Regular user', '18/Jan/2021', 'hello@homebase.rf.gd', 0),
(1494, 'Regular user', '18/Jan/2021', 'hello@homebase.rf.gd', 0),
(1493, 'Regular user', '18/Jan/2021', 'hello@homebase.rf.gd', 0),
(1492, 'Regular user', '18/Jan/2021', 'hello@homebase.rf.gd', 0),
(1491, 'Regular user', '18/Jan/2021', 'hello@homebase.rf.gd', 0),
(1490, 'Regular user', '18/Jan/2021', 'hello@homebase.rf.gd', 0),
(1489, 'Regular user', '18/Jan/2021', 'hello@homebase.rf.gd', 0),
(1488, 'Regular user', '18/Jan/2021', 'hello@homebase.rf.gd', 0),
(1487, 'Regular user', '18/Jan/2021', 'hello@homebase.rf.gd', 0),
(1486, 'Regular user', '18/Jan/2021', 'hello@homebase.rf.gd', 0),
(1485, 'Regular user', '18/Jan/2021', 'hello@homebase.rf.gd', 0),
(1484, 'Regular user', '18/Jan/2021', 'hello@homebase.rf.gd', 0),
(1483, 'Regular user', '18/Jan/2021', 'hello@homebase.rf.gd', 0),
(1482, 'Regular user', '18/Jan/2021', 'hello@homebase.rf.gd', 0),
(1481, 'Regular user', '18/Jan/2021', 'hello@homebase.rf.gd', 0),
(1480, 'Regular user', '18/Jan/2021', 'hello@homebase.rf.gd', 0),
(1479, 'Regular user', '18/Jan/2021', 'hello@homebase.rf.gd', 0),
(1478, 'Regular user', '18/Jan/2021', 'hello@homebase.rf.gd', 0),
(1477, 'Regular user', '18/Jan/2021', 'hello@homebase.rf.gd', 0),
(1476, 'Regular user', '18/Jan/2021', 'hello@homebase.rf.gd', 0),
(1475, 'Regular user', '18/Jan/2021', 'hello@homebase.rf.gd', 0),
(1474, 'Regular user', '18/Jan/2021', 'hello@homebase.rf.gd', 0),
(1473, 'Regular user', '18/Jan/2021', 'hello@homebase.rf.gd', 0),
(1472, 'Regular user', '18/Jan/2021', 'hello@homebase.rf.gd', 0),
(1471, 'Regular user', '18/Jan/2021', 'hello@homebase.rf.gd', 0),
(1470, 'Regular user', '18/Jan/2021', 'hello@homebase.rf.gd', 0),
(1469, 'Regular user', '18/Jan/2021', 'hello@homebase.rf.gd', 0),
(1468, 'Regular user', '18/Jan/2021', 'hello@homebase.rf.gd', 0),
(1467, 'Regular user', '18/Jan/2021', 'hello@homebase.rf.gd', 0),
(1466, 'Regular user', '18/Jan/2021', 'hello@homebase.rf.gd', 0),
(1465, 'Regular user', '18/Jan/2021', '', 0),
(1464, 'Regular user', '18/Jan/2021', 'hello@homebase.rf.gd', 0),
(1463, 'Regular user', '18/Jan/2021', 'hello@homebase.rf.gd', 0),
(1462, 'Regular user', '18/Jan/2021', 'hello@homebase.rf.gd', 0),
(1461, 'Regular user', '18/Jan/2021', 'hello@homebase.rf.gd', 0),
(1460, 'Regular user', '18/Jan/2021', 'hello@homebase.rf.gd', 0),
(1459, 'Regular user', '18/Jan/2021', 'hello@homebase.rf.gd', 0),
(1458, 'Regular user', '18/Jan/2021', 'hello@homebase.rf.gd', 0),
(1457, 'Regular user', '18/Jan/2021', 'hello@homebase.rf.gd', 0),
(1456, 'Regular user', '18/Jan/2021', 'hello@homebase.rf.gd', 0),
(1455, 'Regular user', '18/Jan/2021', 'hello@homebase.rf.gd', 0),
(1454, 'Regular user', '18/Jan/2021', 'hello@homebase.rf.gd', 0),
(1453, 'Regular user', '18/Jan/2021', 'hello@homebase.rf.gd', 0),
(1452, 'Regular user', '18/Jan/2021', 'hello@homebase.rf.gd', 0),
(1451, 'Regular user', '18/Jan/2021', 'hello@homebase.rf.gd', 0),
(1450, 'Regular user', '18/Jan/2021', 'hello@homebase.rf.gd', 0),
(1449, 'Regular user', '18/Jan/2021', 'hello@homebase.rf.gd', 0),
(1448, 'Regular user', '18/Jan/2021', 'pramodinir@gmail.com', 0),
(1447, 'Regular user', '18/Jan/2021', 'pramodinir@gmail.com', 0),
(1446, 'Regular user', '18/Jan/2021', 'pramodinir@gmail.com', 0),
(1445, 'Regular user', '18/Jan/2021', 'pramodinir@gmail.com', 0),
(1444, 'Regular user', '18/Jan/2021', 'pramodinir@gmail.com', 0),
(1443, 'Regular user', '18/Jan/2021', 'pramodinir@gmail.com', 0),
(1442, 'Regular user', '18/Jan/2021', '', 0),
(1441, 'Regular user', '17/Jan/2021', 'pramodinir@gmail.com', 0),
(1440, 'Regular user', '17/Jan/2021', 'pramodinir@gmail.com', 0),
(1439, 'Regular user', '17/Jan/2021', 'pramodinir@gmail.com', 0),
(1438, 'Regular user', '17/Jan/2021', 'pramodinir@gmail.com', 0),
(1437, 'Regular user', '17/Jan/2021', 'pramodinir@gmail.com', 0),
(1436, 'Regular user', '17/Jan/2021', 'pramodinir@gmail.com', 0),
(1435, 'Regular user', '17/Jan/2021', 'pramodinir@gmail.com', 0),
(1434, 'Regular user', '17/Jan/2021', 'pramodinir@gmail.com', 0),
(1433, 'Regular user', '17/Jan/2021', 'pramodinir@gmail.com', 0),
(1432, 'Regular user', '17/Jan/2021', 'pramodinir@gmail.com', 0),
(1431, 'Regular user', '17/Jan/2021', 'pramodinir@gmail.com', 0),
(1430, 'Regular user', '17/Jan/2021', 'pramodinir@gmail.com', 0),
(1429, 'Regular user', '17/Jan/2021', '', 0),
(1428, 'Regular user', '17/Jan/2021', 'hello@homebase.rf.gd', 0),
(1427, 'Regular user', '17/Jan/2021', 'hello@homebase.rf.gd', 0),
(1426, 'Regular user', '17/Jan/2021', 'hello@homebase.rf.gd', 0),
(1425, 'Regular user', '17/Jan/2021', 'hello@homebase.rf.gd', 0),
(1424, 'Regular user', '17/Jan/2021', 'hello@homebase.rf.gd', 0),
(1423, 'Regular user', '17/Jan/2021', 'hello@homebase.rf.gd', 0),
(1422, 'Regular user', '17/Jan/2021', 'hello@homebase.rf.gd', 0),
(1421, 'Regular user', '17/Jan/2021', '', 0),
(1420, 'Regular user', '17/Jan/2021', 'hello@homebase.rf.gd', 0),
(1419, 'Regular user', '17/Jan/2021', 'hello@homebase.rf.gd', 0),
(1418, 'Regular user', '17/Jan/2021', 'hello@homebase.rf.gd', 0),
(1417, 'Regular user', '17/Jan/2021', 'hello@homebase.rf.gd', 0),
(1416, 'Regular user', '17/Jan/2021', 'hello@homebase.rf.gd', 0),
(1415, 'Regular user', '17/Jan/2021', 'hello@homebase.rf.gd', 0),
(1414, 'Regular user', '17/Jan/2021', 'hello@homebase.rf.gd', 0),
(1413, 'Regular user', '17/Jan/2021', 'hello@homebase.rf.gd', 0),
(1412, 'Regular user', '17/Jan/2021', 'hello@homebase.rf.gd', 0),
(1411, 'Regular user', '17/Jan/2021', 'hello@homebase.rf.gd', 0),
(1410, 'Regular user', '17/Jan/2021', 'hello@homebase.rf.gd', 0),
(1409, 'Regular user', '17/Jan/2021', 'hello@homebase.rf.gd', 0),
(1408, 'Regular user', '17/Jan/2021', 'hello@homebase.rf.gd', 0),
(1407, 'Regular user', '17/Jan/2021', 'hello@homebase.rf.gd', 0),
(1406, 'Regular user', '17/Jan/2021', 'hello@homebase.rf.gd', 0),
(1405, 'Regular user', '17/Jan/2021', 'hello@homebase.rf.gd', 0),
(1404, 'Regular user', '17/Jan/2021', 'hello@homebase.rf.gd', 0),
(1403, 'Regular user', '17/Jan/2021', 'hello@homebase.rf.gd', 0),
(1402, 'Regular user', '17/Jan/2021', 'hello@homebase.rf.gd', 0),
(1401, 'Regular user', '17/Jan/2021', 'hello@homebase.rf.gd', 0),
(1400, 'Regular user', '17/Jan/2021', 'hello@homebase.rf.gd', 0),
(1399, 'Regular user', '17/Jan/2021', 'hello@homebase.rf.gd', 0),
(1398, 'Regular user', '17/Jan/2021', 'hello@homebase.rf.gd', 0),
(1397, 'Regular user', '17/Jan/2021', 'hello@homebase.rf.gd', 0),
(1396, 'Regular user', '17/Jan/2021', 'hello@homebase.rf.gd', 0),
(1395, 'Regular user', '17/Jan/2021', 'hello@homebase.rf.gd', 0),
(1394, 'Regular user', '17/Jan/2021', 'hello@homebase.rf.gd', 0),
(1393, 'Regular user', '17/Jan/2021', 'hello@homebase.rf.gd', 0),
(1392, 'Regular user', '17/Jan/2021', 'hello@homebase.rf.gd', 0),
(1391, 'Regular user', '17/Jan/2021', '', 0),
(1390, 'Regular user', '17/Jan/2021', '', 0),
(1389, 'Regular user', '17/Jan/2021', '', 0),
(1388, 'Regular user', '17/Jan/2021', 'hello@homebase.rf.gd', 0),
(1387, 'Regular user', '17/Jan/2021', '', 0),
(1386, 'Regular user', '17/Jan/2021', 'pramodinir@gmail.com', 0),
(1385, 'Regular user', '17/Jan/2021', '', 0),
(1384, 'Regular user', '16/Jan/2021', 'hello@homebase.rf.gd', 0),
(1383, 'Regular user', '16/Jan/2021', 'hello@homebase.rf.gd', 0),
(1382, 'Regular user', '16/Jan/2021', 'hello@homebase.rf.gd', 0),
(1381, 'Regular user', '16/Jan/2021', 'hello@homebase.rf.gd', 0),
(1380, 'Regular user', '16/Jan/2021', 'hello@homebase.rf.gd', 0),
(1379, 'Regular user', '16/Jan/2021', '', 0),
(1378, 'Regular user', '16/Jan/2021', 'pramodinir@gmail.com', 0),
(1377, 'Regular user', '16/Jan/2021', '', 0),
(1376, 'Regular user', '16/Jan/2021', 'pramodinir@gmail.com', 0),
(1375, 'Regular user', '16/Jan/2021', 'pramodinir@gmail.com', 0),
(1374, 'Regular user', '16/Jan/2021', 'pramodinir@gmail.com', 0),
(1373, 'Regular user', '16/Jan/2021', 'pramodinir@gmail.com', 0),
(1372, 'Regular user', '16/Jan/2021', 'pramodinir@gmail.com', 0),
(1371, 'Regular user', '16/Jan/2021', 'pramodinir@gmail.com', 0),
(1370, 'Regular user', '16/Jan/2021', '', 0),
(1369, 'Regular user', '15/Jan/2021', 'hello@homebase.rf.gd', 0),
(1368, 'Regular user', '15/Jan/2021', 'hello@homebase.rf.gd', 0),
(1367, 'Regular user', '15/Jan/2021', '', 0),
(1366, 'Regular user', '15/Jan/2021', 'hello@homebase.rf.gd', 0),
(1365, 'Regular user', '15/Jan/2021', 'hello@homebase.rf.gd', 0),
(1364, 'Regular user', '15/Jan/2021', 'hello@homebase.rf.gd', 0),
(1363, 'Regular user', '15/Jan/2021', 'hello@homebase.rf.gd', 0),
(1362, 'Regular user', '15/Jan/2021', 'hello@homebase.rf.gd', 0),
(1361, 'Regular user', '15/Jan/2021', 'hello@homebase.rf.gd', 0),
(1360, 'Regular user', '15/Jan/2021', 'hello@homebase.rf.gd', 0),
(1359, 'Regular user', '15/Jan/2021', 'hello@homebase.rf.gd', 0),
(1358, 'Regular user', '15/Jan/2021', 'hello@homebase.rf.gd', 0),
(1357, 'Regular user', '15/Jan/2021', 'hello@homebase.rf.gd', 0),
(1356, 'Regular user', '15/Jan/2021', 'hello@homebase.rf.gd', 0),
(1355, 'Regular user', '15/Jan/2021', 'hello@homebase.rf.gd', 0),
(1354, 'Regular user', '15/Jan/2021', 'hello@homebase.rf.gd', 0),
(1353, 'Regular user', '15/Jan/2021', 'hello@homebase.rf.gd', 0),
(1352, 'Regular user', '15/Jan/2021', 'hello@homebase.rf.gd', 0),
(1351, 'Regular user', '15/Jan/2021', 'hello@homebase.rf.gd', 0),
(1350, 'Regular user', '15/Jan/2021', 'hello@homebase.rf.gd', 0),
(1349, 'Regular user', '15/Jan/2021', 'hello@homebase.rf.gd', 0),
(1348, 'Regular user', '15/Jan/2021', 'hello@homebase.rf.gd', 0),
(1347, 'Regular user', '15/Jan/2021', 'hello@homebase.rf.gd', 0),
(1346, 'Regular user', '15/Jan/2021', 'hello@homebase.rf.gd', 0),
(1345, 'Regular user', '15/Jan/2021', 'hello@homebase.rf.gd', 0),
(1344, 'Regular user', '15/Jan/2021', 'hello@homebase.rf.gd', 0),
(1343, 'Regular user', '15/Jan/2021', 'hello@homebase.rf.gd', 0),
(1342, 'Regular user', '15/Jan/2021', 'hello@homebase.rf.gd', 0),
(1341, 'Regular user', '15/Jan/2021', 'hello@homebase.rf.gd', 0),
(1340, 'Regular user', '15/Jan/2021', 'hello@homebase.rf.gd', 0),
(1339, 'Regular user', '15/Jan/2021', 'hello@homebase.rf.gd', 0),
(1338, 'Regular user', '15/Jan/2021', 'hello@homebase.rf.gd', 0),
(1337, 'Regular user', '15/Jan/2021', 'hello@homebase.rf.gd', 0),
(1336, 'Regular user', '15/Jan/2021', 'hello@homebase.rf.gd', 0),
(1335, 'Regular user', '15/Jan/2021', 'hello@homebase.rf.gd', 0),
(1334, 'Regular user', '15/Jan/2021', 'hello@homebase.rf.gd', 0),
(1333, 'Regular user', '15/Jan/2021', 'hello@homebase.rf.gd', 0),
(1332, 'Regular user', '15/Jan/2021', 'hello@homebase.rf.gd', 0),
(1331, 'Regular user', '15/Jan/2021', 'hello@homebase.rf.gd', 0),
(1330, 'Regular user', '15/Jan/2021', 'hello@homebase.rf.gd', 0),
(1329, 'Regular user', '15/Jan/2021', '', 0),
(1328, 'Regular user', '15/Jan/2021', '', 0),
(1327, 'Regular user', '14/Jan/2021', 'pramodinir@gmail.com', 0),
(1326, 'Regular user', '14/Jan/2021', 'pramodinir@gmail.com', 0),
(1325, 'Regular user', '14/Jan/2021', 'pramodinir@gmail.com', 0),
(1324, 'Regular user', '14/Jan/2021', 'pramodinir@gmail.com', 0),
(1323, 'Regular user', '14/Jan/2021', 'pramodinir@gmail.com', 0),
(1322, 'Regular user', '14/Jan/2021', 'pramodinir@gmail.com', 0),
(1321, 'Regular user', '14/Jan/2021', '', 0),
(1320, 'Regular user', '14/Jan/2021', 'hello@homebase.rf.gd', 0),
(1319, 'Regular user', '14/Jan/2021', 'hello@homebase.rf.gd', 0),
(1318, 'Regular user', '14/Jan/2021', 'hello@homebase.rf.gd', 0),
(1317, 'Regular user', '14/Jan/2021', 'hello@homebase.rf.gd', 0),
(1316, 'Regular user', '14/Jan/2021', '', 0),
(1315, 'Regular user', '14/Jan/2021', '', 0),
(1314, 'Regular user', '14/Jan/2021', 'hello@homebase.rf.gd', 0),
(1313, 'Regular user', '14/Jan/2021', 'hello@homebase.rf.gd', 0),
(1312, 'Regular user', '12/Jan/2021', '', 0),
(1311, 'Regular user', '12/Jan/2021', 'hello@homebase.rf.gd', 0),
(1310, 'Regular user', '12/Jan/2021', 'hello@homebase.rf.gd', 0),
(1309, 'Regular user', '12/Jan/2021', 'hello@homebase.rf.gd', 0),
(1308, 'Regular user', '12/Jan/2021', '', 0),
(1307, 'Regular user', '12/Jan/2021', 'hello@homebase.rf.gd', 0),
(1306, 'Regular user', '12/Jan/2021', 'hello@homebase.rf.gd', 0),
(1305, 'Regular user', '12/Jan/2021', 'hello@homebase.rf.gd', 0),
(1304, 'Regular user', '12/Jan/2021', 'hello@homebase.rf.gd', 0),
(1303, 'Regular user', '12/Jan/2021', 'hello@homebase.rf.gd', 0),
(1302, 'Regular user', '12/Jan/2021', 'hello@homebase.rf.gd', 0),
(1301, 'Regular user', '12/Jan/2021', 'hello@homebase.rf.gd', 0),
(1300, 'Regular user', '12/Jan/2021', 'hello@homebase.rf.gd', 0),
(1299, 'Regular user', '12/Jan/2021', 'hello@homebase.rf.gd', 0),
(1298, 'Regular user', '12/Jan/2021', 'hello@homebase.rf.gd', 0),
(1297, 'Regular user', '12/Jan/2021', 'hello@homebase.rf.gd', 0),
(1296, 'Regular user', '12/Jan/2021', 'hello@homebase.rf.gd', 0),
(1295, 'Regular user', '12/Jan/2021', 'hello@homebase.rf.gd', 0),
(1294, 'Regular user', '12/Jan/2021', 'hello@homebase.rf.gd', 0),
(1293, 'Regular user', '12/Jan/2021', 'hello@homebase.rf.gd', 0),
(1292, 'Regular user', '12/Jan/2021', 'hello@homebase.rf.gd', 0),
(1291, 'Regular user', '12/Jan/2021', 'hello@homebase.rf.gd', 0),
(1290, 'Regular user', '12/Jan/2021', 'hello@homebase.rf.gd', 0),
(1289, 'Regular user', '12/Jan/2021', 'hello@homebase.rf.gd', 0),
(1288, 'Regular user', '12/Jan/2021', 'hello@homebase.rf.gd', 0),
(1287, 'Regular user', '12/Jan/2021', 'hello@homebase.rf.gd', 0),
(1286, 'Regular user', '12/Jan/2021', 'hello@homebase.rf.gd', 0),
(1285, 'Regular user', '12/Jan/2021', 'hello@homebase.rf.gd', 0),
(1284, 'Regular user', '12/Jan/2021', '', 0),
(1283, 'Regular user', '12/Jan/2021', 'hello@homebase.rf.gd', 0),
(1282, 'Regular user', '12/Jan/2021', '', 0),
(1281, 'Regular user', '12/Jan/2021', 'hello@homebase.rf.gd', 0),
(1280, 'Regular user', '12/Jan/2021', 'hello@homebase.rf.gd', 0),
(1279, 'Regular user', '12/Jan/2021', 'hello@homebase.rf.gd', 0),
(1278, 'Regular user', '12/Jan/2021', '', 0),
(1277, 'Regular user', '12/Jan/2021', 'hello@homebase.rf.gd', 0),
(1276, 'Regular user', '12/Jan/2021', 'hello@homebase.rf.gd', 0),
(1275, 'Regular user', '12/Jan/2021', 'hello@homebase.rf.gd', 0),
(1274, 'Regular user', '12/Jan/2021', 'hello@homebase.rf.gd', 0),
(1273, 'Regular user', '12/Jan/2021', 'hello@homebase.rf.gd', 0),
(1272, 'Regular user', '12/Jan/2021', 'hello@homebase.rf.gd', 0),
(1271, 'Regular user', '12/Jan/2021', 'hello@homebase.rf.gd', 0),
(1270, 'Regular user', '12/Jan/2021', 'hello@homebase.rf.gd', 0),
(1269, 'Regular user', '12/Jan/2021', 'hello@homebase.rf.gd', 0),
(1268, 'Regular user', '12/Jan/2021', 'hello@homebase.rf.gd', 0),
(1267, 'Regular user', '12/Jan/2021', 'hello@homebase.rf.gd', 0),
(1266, 'Regular user', '12/Jan/2021', 'hello@homebase.rf.gd', 0),
(1265, 'Regular user', '12/Jan/2021', 'hello@homebase.rf.gd', 0),
(1264, 'Regular user', '12/Jan/2021', 'hello@homebase.rf.gd', 0),
(1263, 'Regular user', '12/Jan/2021', 'hello@homebase.rf.gd', 0),
(1262, 'Regular user', '12/Jan/2021', 'hello@homebase.rf.gd', 0),
(1261, 'Regular user', '12/Jan/2021', 'hello@homebase.rf.gd', 0),
(1260, 'Regular user', '12/Jan/2021', 'hello@homebase.rf.gd', 0),
(1259, 'Regular user', '12/Jan/2021', 'hello@homebase.rf.gd', 0),
(1258, 'Regular user', '12/Jan/2021', 'hello@homebase.rf.gd', 0),
(1257, 'Regular user', '12/Jan/2021', 'hello@homebase.rf.gd', 0),
(1256, 'Regular user', '12/Jan/2021', 'hello@homebase.rf.gd', 0),
(1255, 'Regular user', '12/Jan/2021', 'hello@homebase.rf.gd', 0),
(1254, 'Regular user', '12/Jan/2021', 'hello@homebase.rf.gd', 0),
(1253, 'Regular user', '12/Jan/2021', 'hello@homebase.rf.gd', 0),
(1252, 'Regular user', '12/Jan/2021', 'hello@homebase.rf.gd', 0),
(1251, 'Regular user', '12/Jan/2021', 'hello@homebase.rf.gd', 0),
(1250, 'Regular user', '12/Jan/2021', 'hello@homebase.rf.gd', 0),
(1249, 'Regular user', '12/Jan/2021', 'hello@homebase.rf.gd', 0),
(1248, 'Regular user', '12/Jan/2021', 'hello@homebase.rf.gd', 0),
(1247, 'Regular user', '12/Jan/2021', 'hello@homebase.rf.gd', 0),
(1246, 'Regular user', '12/Jan/2021', 'hello@homebase.rf.gd', 0),
(1245, 'Regular user', '12/Jan/2021', 'hello@homebase.rf.gd', 0),
(1244, 'Regular user', '12/Jan/2021', 'hello@homebase.rf.gd', 0),
(1243, 'Regular user', '12/Jan/2021', 'hello@homebase.rf.gd', 0),
(1242, 'Regular user', '12/Jan/2021', 'hello@homebase.rf.gd', 0),
(1241, 'Regular user', '12/Jan/2021', 'hello@homebase.rf.gd', 0),
(1240, 'Regular user', '12/Jan/2021', 'hello@homebase.rf.gd', 0),
(1239, 'Regular user', '12/Jan/2021', 'hello@homebase.rf.gd', 0),
(1238, 'Regular user', '12/Jan/2021', 'hello@homebase.rf.gd', 0),
(1237, 'Regular user', '12/Jan/2021', 'hello@homebase.rf.gd', 0),
(1236, 'Regular user', '12/Jan/2021', 'hello@homebase.rf.gd', 0),
(1235, 'Regular user', '12/Jan/2021', 'hello@homebase.rf.gd', 0),
(1234, 'Regular user', '12/Jan/2021', 'hello@homebase.rf.gd', 0),
(1233, 'Regular user', '12/Jan/2021', 'hello@homebase.rf.gd', 0),
(1232, 'Regular user', '12/Jan/2021', 'hello@homebase.rf.gd', 0),
(1231, 'Regular user', '12/Jan/2021', 'hello@homebase.rf.gd', 0),
(1230, 'Regular user', '12/Jan/2021', 'hello@homebase.rf.gd', 0),
(1229, 'Regular user', '12/Jan/2021', 'hello@homebase.rf.gd', 0),
(1228, 'Regular user', '12/Jan/2021', 'hello@homebase.rf.gd', 0),
(1227, 'Regular user', '12/Jan/2021', 'hello@homebase.rf.gd', 0),
(1226, 'Regular user', '12/Jan/2021', 'hello@homebase.rf.gd', 0),
(1225, 'Regular user', '12/Jan/2021', 'hello@homebase.rf.gd', 0),
(1224, 'Regular user', '12/Jan/2021', 'hello@homebase.rf.gd', 0),
(1223, 'Regular user', '12/Jan/2021', 'hello@homebase.rf.gd', 0),
(1222, 'Regular user', '12/Jan/2021', 'hello@homebase.rf.gd', 0),
(1221, 'Regular user', '12/Jan/2021', 'hello@homebase.rf.gd', 0),
(1220, 'Regular user', '12/Jan/2021', 'hello@homebase.rf.gd', 0),
(1219, 'Regular user', '12/Jan/2021', 'hello@homebase.rf.gd', 0),
(1218, 'Regular user', '12/Jan/2021', 'hello@homebase.rf.gd', 0),
(1217, 'Regular user', '12/Jan/2021', 'hello@homebase.rf.gd', 0),
(1216, 'Regular user', '12/Jan/2021', 'hello@homebase.rf.gd', 0),
(1215, 'Regular user', '12/Jan/2021', '', 0),
(1214, 'Regular user', '12/Jan/2021', '', 0),
(1213, 'Regular user', '12/Jan/2021', 'hello@homebase.rf.gd', 0),
(1212, 'Regular user', '12/Jan/2021', 'hello@homebase.rf.gd', 0),
(1211, 'Regular user', '12/Jan/2021', 'hello@homebase.rf.gd', 0),
(1210, 'Regular user', '12/Jan/2021', 'hello@homebase.rf.gd', 0),
(1209, 'Regular user', '12/Jan/2021', 'hello@homebase.rf.gd', 0),
(1208, 'Regular user', '12/Jan/2021', 'hello@homebase.rf.gd', 0),
(1207, 'Regular user', '12/Jan/2021', 'hello@homebase.rf.gd', 0),
(1206, 'Regular user', '12/Jan/2021', 'hello@homebase.rf.gd', 0),
(1205, 'Regular user', '12/Jan/2021', 'hello@homebase.rf.gd', 0),
(1204, 'Regular user', '12/Jan/2021', 'hello@homebase.rf.gd', 0),
(1203, 'Regular user', '12/Jan/2021', 'hello@homebase.rf.gd', 0),
(1202, 'Regular user', '12/Jan/2021', 'hello@homebase.rf.gd', 0),
(1201, 'Regular user', '12/Jan/2021', 'hello@homebase.rf.gd', 0),
(1200, 'Regular user', '12/Jan/2021', 'hello@homebase.rf.gd', 0),
(1199, 'Regular user', '12/Jan/2021', 'hello@homebase.rf.gd', 0),
(1198, 'Regular user', '12/Jan/2021', 'hello@homebase.rf.gd', 0),
(1197, 'Regular user', '12/Jan/2021', 'hello@homebase.rf.gd', 0),
(1196, 'Regular user', '12/Jan/2021', 'hello@homebase.rf.gd', 0),
(1195, 'Regular user', '12/Jan/2021', 'hello@homebase.rf.gd', 0),
(1194, 'Regular user', '12/Jan/2021', 'hello@homebase.rf.gd', 0),
(1193, 'Regular user', '12/Jan/2021', 'hello@homebase.rf.gd', 0),
(1192, 'Regular user', '12/Jan/2021', 'hello@homebase.rf.gd', 0),
(1191, 'Regular user', '12/Jan/2021', 'hello@homebase.rf.gd', 0),
(1190, 'Regular user', '12/Jan/2021', 'hello@homebase.rf.gd', 0),
(1189, 'Regular user', '12/Jan/2021', 'hello@homebase.rf.gd', 0),
(1188, 'Regular user', '12/Jan/2021', 'hello@homebase.rf.gd', 0),
(1187, 'Regular user', '12/Jan/2021', 'hello@homebase.rf.gd', 0),
(1186, 'Regular user', '12/Jan/2021', 'hello@homebase.rf.gd', 0),
(1185, 'Regular user', '12/Jan/2021', 'hello@homebase.rf.gd', 0),
(1184, 'Regular user', '12/Jan/2021', 'hello@homebase.rf.gd', 0),
(1183, 'Regular user', '12/Jan/2021', 'hello@homebase.rf.gd', 0),
(1182, 'Regular user', '12/Jan/2021', 'hello@homebase.rf.gd', 0),
(1181, 'Regular user', '12/Jan/2021', 'hello@homebase.rf.gd', 0),
(1180, 'Regular user', '11/Jan/2021', 'hello@homebase.rf.gd', 0),
(1179, 'Regular user', '11/Jan/2021', 'hello@homebase.rf.gd', 0),
(1178, 'Regular user', '11/Jan/2021', 'hello@homebase.rf.gd', 0),
(1177, 'Regular user', '11/Jan/2021', 'hello@homebase.rf.gd', 0),
(1176, 'Regular user', '11/Jan/2021', 'hello@homebase.rf.gd', 0),
(1175, 'Regular user', '11/Jan/2021', 'hello@homebase.rf.gd', 0),
(1174, 'Regular user', '11/Jan/2021', 'hello@homebase.rf.gd', 0),
(1173, 'Regular user', '11/Jan/2021', 'hello@homebase.rf.gd', 0),
(1172, 'Regular user', '11/Jan/2021', 'hello@homebase.rf.gd', 0),
(1171, 'Regular user', '11/Jan/2021', 'hello@homebase.rf.gd', 0),
(1170, 'Regular user', '11/Jan/2021', 'hello@homebase.rf.gd', 0),
(1169, 'Regular user', '11/Jan/2021', 'hello@homebase.rf.gd', 0),
(1168, 'Regular user', '11/Jan/2021', 'hello@homebase.rf.gd', 0),
(1167, 'Regular user', '11/Jan/2021', 'hello@homebase.rf.gd', 0),
(1166, 'Regular user', '11/Jan/2021', 'hello@homebase.rf.gd', 0),
(1165, 'Regular user', '11/Jan/2021', 'hello@homebase.rf.gd', 0),
(1164, 'Regular user', '11/Jan/2021', 'hello@homebase.rf.gd', 0),
(1163, 'Regular user', '11/Jan/2021', 'hello@homebase.rf.gd', 0),
(1162, 'Regular user', '11/Jan/2021', 'hello@homebase.rf.gd', 0),
(1161, 'Regular user', '11/Jan/2021', 'hello@homebase.rf.gd', 0),
(1160, 'Regular user', '11/Jan/2021', 'hello@homebase.rf.gd', 0),
(1159, 'Regular user', '11/Jan/2021', 'hello@homebase.rf.gd', 0),
(1158, 'Regular user', '11/Jan/2021', 'hello@homebase.rf.gd', 0),
(1157, 'Regular user', '11/Jan/2021', 'hello@homebase.rf.gd', 0),
(1156, 'Regular user', '11/Jan/2021', 'hello@homebase.rf.gd', 0),
(1155, 'Regular user', '11/Jan/2021', 'hello@homebase.rf.gd', 0),
(1154, 'Regular user', '11/Jan/2021', 'hello@homebase.rf.gd', 0),
(1153, 'Regular user', '11/Jan/2021', 'hello@homebase.rf.gd', 0),
(1152, 'Regular user', '11/Jan/2021', 'hello@homebase.rf.gd', 0),
(1151, 'Regular user', '11/Jan/2021', 'hello@homebase.rf.gd', 0),
(1150, 'Regular user', '11/Jan/2021', 'hello@homebase.rf.gd', 0),
(1149, 'Regular user', '11/Jan/2021', 'hello@homebase.rf.gd', 0),
(1148, 'Regular user', '11/Jan/2021', 'hello@homebase.rf.gd', 0),
(1147, 'Regular user', '11/Jan/2021', 'hello@homebase.rf.gd', 0),
(1146, 'Regular user', '11/Jan/2021', 'hello@homebase.rf.gd', 0),
(1145, 'Regular user', '11/Jan/2021', '', 0),
(1144, 'Regular user', '11/Jan/2021', 'hello@homebase.rf.gd', 0),
(1143, 'Regular user', '11/Jan/2021', 'hello@homebase.rf.gd', 0),
(1142, 'Regular user', '11/Jan/2021', 'hello@homebase.rf.gd', 0),
(1141, 'Regular user', '11/Jan/2021', 'hello@homebase.rf.gd', 0),
(1140, 'Regular user', '11/Jan/2021', '', 0),
(1139, 'Regular user', '11/Jan/2021', 'hello@homebase.rf.gd', 0),
(1138, 'Regular user', '11/Jan/2021', 'hello@homebase.rf.gd', 0),
(1137, 'Regular user', '11/Jan/2021', 'hello@homebase.rf.gd', 0),
(1136, 'Regular user', '11/Jan/2021', 'hello@homebase.rf.gd', 0),
(1135, 'Regular user', '11/Jan/2021', 'hello@homebase.rf.gd', 0),
(1134, 'Regular user', '11/Jan/2021', 'hello@homebase.rf.gd', 0),
(1133, 'Regular user', '11/Jan/2021', 'hello@homebase.rf.gd', 0),
(1132, 'Regular user', '11/Jan/2021', 'hello@homebase.rf.gd', 0);
INSERT INTO `analytics` (`id`, `name`, `qty`, `price`, `login_id`) VALUES
(1131, 'Regular user', '11/Jan/2021', 'hello@homebase.rf.gd', 0),
(1130, 'Regular user', '11/Jan/2021', 'hello@homebase.rf.gd', 0),
(1129, 'Regular user', '11/Jan/2021', 'pramodinir@gmail.com', 0),
(1128, 'Regular user', '11/Jan/2021', 'pramodinir@gmail.com', 0),
(1127, 'Regular user', '11/Jan/2021', 'pramodinir@gmail.com', 0),
(1126, 'Regular user', '11/Jan/2021', 'pramodinir@gmail.com', 0),
(1125, 'Regular user', '11/Jan/2021', 'pramodinir@gmail.com', 0),
(1124, 'Regular user', '11/Jan/2021', 'pramodinir@gmail.com', 0),
(1123, 'Regular user', '11/Jan/2021', 'pramodinir@gmail.com', 0),
(1122, 'Regular user', '11/Jan/2021', '', 0),
(1121, 'Regular user', '11/Jan/2021', '', 0),
(1120, 'Regular user', '11/Jan/2021', 'hello@homebase.rf.gd', 0),
(1119, 'Regular user', '11/Jan/2021', 'hello@homebase.rf.gd', 0),
(1118, 'Regular user', '11/Jan/2021', 'hello@homebase.rf.gd', 0),
(1117, 'Regular user', '11/Jan/2021', 'hello@homebase.rf.gd', 0),
(1116, 'Regular user', '11/Jan/2021', 'hello@homebase.rf.gd', 0),
(1115, 'Regular user', '11/Jan/2021', 'hello@homebase.rf.gd', 0),
(1114, 'Regular user', '11/Jan/2021', 'hello@homebase.rf.gd', 0),
(1113, 'Regular user', '11/Jan/2021', 'hello@homebase.rf.gd', 0),
(1112, 'Regular user', '11/Jan/2021', 'hello@homebase.rf.gd', 0),
(1111, 'Regular user', '11/Jan/2021', 'hello@homebase.rf.gd', 0),
(1110, 'Regular user', '11/Jan/2021', 'hello@homebase.rf.gd', 0),
(1109, 'Regular user', '11/Jan/2021', 'hello@homebase.rf.gd', 0),
(1108, 'Regular user', '11/Jan/2021', 'hello@homebase.rf.gd', 0),
(1107, 'Regular user', '11/Jan/2021', 'hello@homebase.rf.gd', 0),
(1106, 'Regular user', '11/Jan/2021', 'hello@homebase.rf.gd', 0),
(1105, 'Regular user', '11/Jan/2021', 'hello@homebase.rf.gd', 0),
(1104, 'Regular user', '11/Jan/2021', 'hello@homebase.rf.gd', 0),
(1103, 'Regular user', '11/Jan/2021', 'hello@homebase.rf.gd', 0),
(1102, 'Regular user', '11/Jan/2021', 'hello@homebase.rf.gd', 0),
(1101, 'Regular user', '11/Jan/2021', 'hello@homebase.rf.gd', 0),
(1100, 'Regular user', '11/Jan/2021', 'hello@homebase.rf.gd', 0),
(1099, 'Regular user', '11/Jan/2021', '', 0),
(1098, 'Regular user', '11/Jan/2021', 'hello@homebase.rf.gd', 0),
(1097, 'Regular user', '11/Jan/2021', 'hello@homebase.rf.gd', 0),
(1096, 'Regular user', '11/Jan/2021', 'hello@homebase.rf.gd', 0),
(1095, 'Regular user', '11/Jan/2021', 'hello@homebase.rf.gd', 0),
(1094, 'Regular user', '11/Jan/2021', '', 0),
(1093, 'Regular user', '11/Jan/2021', '', 0),
(1092, 'ADMIN', '11/Jan/2021', '', 0),
(1091, 'ADMIN', '11/Jan/2021', '', 0),
(1090, 'ADMIN', '11/Jan/2021', '', 0),
(1089, 'ADMIN', '11/Jan/2021', '', 0),
(1088, 'ADMIN', '11/Jan/2021', '', 0),
(1087, 'Unknown', '11/Jan/2021', '68.225.245.178', 0),
(1935, 'Regular user', '23/Jan/2021', '', 0),
(1936, 'Regular user', '23/Jan/2021', 'hello@homebase.rf.gd', 0),
(1937, 'Regular user', '23/Jan/2021', 'hello@homebase.rf.gd', 0),
(1938, 'Regular user', '23/Jan/2021', 'hello@homebase.rf.gd', 0),
(1939, 'Regular user', '23/Jan/2021', 'hello@homebase.rf.gd', 0),
(1940, 'Regular user', '23/Jan/2021', 'hello@homebase.rf.gd', 0),
(1941, 'Regular user', '23/Jan/2021', 'hello@homebase.rf.gd', 0),
(1942, 'Regular user', '23/Jan/2021', 'hello@homebase.rf.gd', 0),
(1943, 'Regular user', '23/Jan/2021', 'hello@homebase.rf.gd', 0),
(1944, 'Regular user', '23/Jan/2021', 'hello@homebase.rf.gd', 0),
(1945, 'Regular user', '23/Jan/2021', 'pramodinir@gmail.com', 0),
(1946, 'Regular user', '23/Jan/2021', 'pramodinir@gmail.com', 0),
(1947, 'Regular user', '23/Jan/2021', 'pramodinir@gmail.com', 0),
(1948, 'Regular user', '23/Jan/2021', 'pramodinir@gmail.com', 0),
(1949, 'Regular user', '23/Jan/2021', 'pramodinir@gmail.com', 0),
(1950, 'Regular user', '23/Jan/2021', 'pramodinir@gmail.com', 0),
(1951, 'Regular user', '23/Jan/2021', 'pramodinir@gmail.com', 0),
(1952, 'Regular user', '23/Jan/2021', 'pramodinir@gmail.com', 0),
(1953, 'Regular user', '23/Jan/2021', 'pramodinir@gmail.com', 0),
(1954, 'Regular user', '23/Jan/2021', 'pramodinir@gmail.com', 0),
(1955, 'Regular user', '23/Jan/2021', 'pramodinir@gmail.com', 0),
(1956, 'Regular user', '23/Jan/2021', 'pramodinir@gmail.com', 0),
(1957, 'Regular user', '23/Jan/2021', 'pramodinir@gmail.com', 0),
(1958, 'Regular user', '23/Jan/2021', 'pramodinir@gmail.com', 0),
(1959, 'Regular user', '23/Jan/2021', 'pramodinir@gmail.com', 0),
(1960, 'Regular user', '23/Jan/2021', 'pramodinir@gmail.com', 0),
(1961, 'Regular user', '23/Jan/2021', 'pramodinir@gmail.com', 0),
(1962, 'Regular user', '23/Jan/2021', 'pramodinir@gmail.com', 0),
(1963, 'Regular user', '23/Jan/2021', 'pramodinir@gmail.com', 0),
(1964, 'Regular user', '23/Jan/2021', 'pramodinir@gmail.com', 0),
(1965, 'Regular user', '23/Jan/2021', 'hello@homebase.rf.gd', 0),
(1966, 'Regular user', '23/Jan/2021', 'hello@homebase.rf.gd', 0),
(1967, 'Regular user', '23/Jan/2021', 'hello@homebase.rf.gd', 0),
(1968, 'Regular user', '23/Jan/2021', 'hello@homebase.rf.gd', 0),
(1969, 'Regular user', '23/Jan/2021', 'hello@homebase.rf.gd', 0),
(1970, 'Regular user', '23/Jan/2021', 'hello@homebase.rf.gd', 0),
(1971, 'Regular user', '23/Jan/2021', 'hello@homebase.rf.gd', 0),
(1972, 'Regular user', '23/Jan/2021', 'hello@homebase.rf.gd', 0),
(1973, 'Regular user', '23/Jan/2021', '', 0),
(1974, 'Regular user', '23/Jan/2021', 'hello@homebase.rf.gd', 0),
(1975, 'Regular user', '23/Jan/2021', 'hello@homebase.rf.gd', 0),
(1976, 'Regular user', '24/Jan/2021', 'hello@homebase.rf.gd', 0),
(1977, 'Regular user', '24/Jan/2021', '', 0),
(1978, 'Regular user', '24/Jan/2021', '', 0),
(1979, 'Regular user', '24/Jan/2021', 'pramodinir@gmail.com', 0),
(1980, 'Regular user', '24/Jan/2021', 'hello@homebase.rf.gd', 0),
(1981, 'Regular user', '24/Jan/2021', 'pramodinir@gmail.com', 0),
(1982, 'Regular user', '24/Jan/2021', 'pramodinir@gmail.com', 0),
(1983, 'Regular user', '24/Jan/2021', 'pramodinir@gmail.com', 0),
(1984, 'Regular user', '24/Jan/2021', 'pramodinir@gmail.com', 0),
(1985, 'Regular user', '24/Jan/2021', 'pramodinir@gmail.com', 0),
(1986, 'Regular user', '24/Jan/2021', 'pramodinir@gmail.com', 0),
(1987, 'Regular user', '24/Jan/2021', 'pramodinir@gmail.com', 0),
(1988, 'Regular user', '24/Jan/2021', 'pramodinir@gmail.com', 0),
(1989, 'Regular user', '24/Jan/2021', 'pramodinir@gmail.com', 0),
(1990, 'Regular user', '24/Jan/2021', 'pramodinir@gmail.com', 0),
(1991, 'Regular user', '24/Jan/2021', 'pramodinir@gmail.com', 0),
(1992, 'Regular user', '25/Jan/2021', '', 0),
(1993, 'Regular user', '25/Jan/2021', 'pramodinir@gmail.com', 0),
(1994, 'Regular user', '25/Jan/2021', 'pramodinir@gmail.com', 0),
(1995, 'Regular user', '25/Jan/2021', 'hello@homebase.rf.gd', 0),
(1996, 'Regular user', '25/Jan/2021', 'hello@homebase.rf.gd', 0),
(1997, 'Regular user', '25/Jan/2021', 'hello@homebase.rf.gd', 0);

-- --------------------------------------------------------

--
-- Table structure for table `bathroom`
--

CREATE TABLE `bathroom` (
  `id` int(11) NOT NULL,
  `name` varchar(100) NOT NULL,
  `qty` varchar(100) NOT NULL,
  `price` varchar(100) NOT NULL,
  `login_id` int(11) NOT NULL
) ENGINE=MyISAM DEFAULT CHARSET=latin1;

--
-- Dumping data for table `bathroom`
--

INSERT INTO `bathroom` (`id`, `name`, `qty`, `price`, `login_id`) VALUES
(15, 'Toilet', '3', '1', 1);

-- --------------------------------------------------------

--
-- Table structure for table `bedroom`
--

CREATE TABLE `bedroom` (
  `id` int(11) NOT NULL,
  `name` varchar(100) NOT NULL,
  `qty` varchar(100) NOT NULL,
  `price` int(5) NOT NULL,
  `login_id` int(11) NOT NULL
) ENGINE=MyISAM DEFAULT CHARSET=latin1;

--
-- Dumping data for table `bedroom`
--

INSERT INTO `bedroom` (`id`, `name`, `qty`, `price`, `login_id`) VALUES
(21, 'Beds', '3', 1, 1),
(5, 'Salwar', '18', 1, 25),
(23, 'Blankets ', '4', 1, 1),
(11, 'Tops ', '18', 1, 25);

-- --------------------------------------------------------

--
-- Table structure for table `bm`
--

CREATE TABLE `bm` (
  `id` int(11) NOT NULL,
  `name` varchar(100) NOT NULL,
  `qty` int(5) NOT NULL,
  `price` varchar(100) NOT NULL,
  `login_id` int(11) NOT NULL
) ENGINE=MyISAM DEFAULT CHARSET=latin1;

--
-- Dumping data for table `bm`
--

INSERT INTO `bm` (`id`, `name`, `qty`, `price`, `login_id`) VALUES
(20, '1', 21, '1', 36),
(21, '1', 32, '1', 36),
(22, '1', 65, '1', 36),
(23, '1', 48, '1', 36),
(24, '1', 35, '1', 36),
(25, '1', 89, '1', 36),
(26, '1', 91, '1', 36),
(43, '1', 12, '1', 13),
(119, '01/19/2021', 14, '1', 1),
(126, '01/24/2021', 10, '1', 25),
(122, '01/24/2021', 1, '1', 25),
(123, '01/24/2021', 8, '1', 25),
(124, '01/24/2021', 3, '1', 25),
(125, '01/24/2021', 8, '1', 25),
(62, '12/01/2020', 5, '1', 1),
(63, '12/01/2020', 4, '1', 1),
(64, '12/01/2020', 4, '1', 1),
(66, '12/01/2020', 5, '1', 1),
(67, '12/01/2020', 6, '1', 1),
(68, '12/01/2020', 9, '1', 1),
(69, '12/01/2020', 2, '1', 1),
(70, '12/01/2020', 4, '1', 1),
(75, '12/01/2020', 5, '1', 1),
(76, '12/01/2020', 12, '1', 1),
(144, '02/02/2021', 42, '1', 1),
(143, '02/02/2021', 12, '1', 1),
(80, '12/03/2020', 12, '1', 1),
(84, '12/09/2020', 0, '1', 53),
(85, '12/09/2020', 12, '1', 53),
(86, '12/09/2020', 23, '1', 53),
(87, '12/09/2020', 32, '1', 53),
(88, '12/09/2020', 45, '1', 53),
(89, '12/09/2020', 32, '1', 54),
(90, '12/09/2020', 3, '1', 54),
(92, '12/11/2020', 12, '1', 25),
(118, '01/19/2021', 12, '1', 1),
(94, '12/11/2020', 23, '1', 25),
(95, '12/11/2020', 0, '1', 25),
(96, '12/11/2020', 12, '1', 25),
(97, '12/11/2020', 31, '1', 25),
(98, '12/11/2020', 91, '1', 25),
(101, '12/15/2020', 11, '1', 57),
(102, '12/18/2020', 50, '1', 25),
(103, '12/19/2020', 12, '1', 1),
(127, '01/26/2021', 12, '1', 1),
(128, '01/26/2021', 12, '1', 1),
(129, '01/26/2021', 12, '1', 1),
(145, '02/06/2021', 42, '1', 1),
(146, '02/06/2021', 53, '1', 1),
(147, '02/06/2021', 92, '1', 1),
(148, '02/06/2021', 12, '1', 1),
(149, '02/06/2021', 42, '1', 1),
(150, '02/06/2021', 32, '1', 1),
(151, '02/06/2021', 42, '1', 1),
(152, '02/06/2021', 12, '1', 1),
(153, '02/06/2021', 12, '1', 1),
(142, '01/27/2021', 12, '1', 1);

-- --------------------------------------------------------

--
-- Table structure for table `camping`
--

CREATE TABLE `camping` (
  `id` int(11) NOT NULL,
  `name` varchar(100) NOT NULL,
  `qty` varchar(100) NOT NULL,
  `price` varchar(100) NOT NULL,
  `login_id` int(11) NOT NULL
) ENGINE=MyISAM DEFAULT CHARSET=latin1;

--
-- Dumping data for table `camping`
--

INSERT INTO `camping` (`id`, `name`, `qty`, `price`, `login_id`) VALUES
(1, 'Something Clever......', '53', '1', 1),
(2, 'Lights', '8', '1', 25);

-- --------------------------------------------------------

--
-- Table structure for table `dining_room`
--

CREATE TABLE `dining_room` (
  `id` int(11) NOT NULL,
  `name` varchar(100) NOT NULL,
  `qty` varchar(100) NOT NULL,
  `price` varchar(100) NOT NULL,
  `login_id` int(11) NOT NULL
) ENGINE=MyISAM DEFAULT CHARSET=latin1;

--
-- Dumping data for table `dining_room`
--

INSERT INTO `dining_room` (`id`, `name`, `qty`, `price`, `login_id`) VALUES
(2, 'FORK', '12', '1', 1),
(3, 'HI THERE', 'BYE', '1', 53),
(4, 'HI THERE', 'BYE', '1', 53);

-- --------------------------------------------------------

--
-- Table structure for table `family`
--

CREATE TABLE `family` (
  `id` int(11) NOT NULL,
  `name` varchar(100) NOT NULL,
  `qty` varchar(100) NOT NULL,
  `price` varchar(100) NOT NULL,
  `login_id` int(11) NOT NULL
) ENGINE=MyISAM DEFAULT CHARSET=latin1;

--
-- Dumping data for table `family`
--

INSERT INTO `family` (`id`, `name`, `qty`, `price`, `login_id`) VALUES
(1, 'Test', 'Test', '1', 25),
(3, 'Dining table', '1', '1', 25),
(4, 'Dining table chairs', '6', '1', 25),
(5, 'FAMILY ROOM', '12', '1', 1);

-- --------------------------------------------------------

--
-- Table structure for table `features`
--

CREATE TABLE `features` (
  `id` int(11) NOT NULL,
  `name` varchar(100) NOT NULL,
  `qty` varchar(100) NOT NULL,
  `price` varchar(100) NOT NULL,
  `login_id` int(11) NOT NULL
) ENGINE=MyISAM DEFAULT CHARSET=latin1;

-- --------------------------------------------------------

--
-- Table structure for table `garage`
--

CREATE TABLE `garage` (
  `id` int(11) NOT NULL,
  `name` varchar(100) NOT NULL,
  `qty` int(5) NOT NULL,
  `price` int(5) NOT NULL,
  `login_id` int(11) NOT NULL
) ENGINE=MyISAM DEFAULT CHARSET=latin1;

--
-- Dumping data for table `garage`
--

INSERT INTO `garage` (`id`, `name`, `qty`, `price`, `login_id`) VALUES
(1, 'hi', 1, 12, 1),
(3, 'wrench', 1, 1, 1),
(4, 'ADMIN', 1, 1, 1),
(7, 'a', 2147483647, 1, 1),
(8, 'GARAGE PDO', 3204, 1, 1);

-- --------------------------------------------------------

--
-- Table structure for table `grocerylist`
--

CREATE TABLE `grocerylist` (
  `id` int(11) NOT NULL,
  `name` varchar(100) NOT NULL,
  `qty` int(5) NOT NULL,
  `price` decimal(10,2) NOT NULL,
  `login_id` int(11) NOT NULL
) ENGINE=MyISAM DEFAULT CHARSET=latin1;

--
-- Dumping data for table `grocerylist`
--

INSERT INTO `grocerylist` (`id`, `name`, `qty`, `price`, `login_id`) VALUES
(30, 'Sweet pumpkin', 1, 1.00, 25),
(3, 'Test', 1, 10.00, 30),
(26, 'Chayote', 2, 1.00, 25),
(28, 'Radish', 4, 1.00, 25),
(29, 'Winter melon', 1, 1.00, 25),
(31, 'Banana stem', 1, 1.00, 25),
(50, 'Grocery List Item', 1, 1.00, 1),
(49, 'Grocery List Item', 1, 1.00, 1),
(48, 'Grocery List Item', 1, 1.00, 1),
(47, 'Grocery List Item', 1, 1.00, 1),
(46, 'Grocery List Item', 1, 1.00, 1),
(45, 'Grocery List Item', 1, 1.00, 1),
(51, '123213213', 213123, 1.00, 1);

-- --------------------------------------------------------

--
-- Table structure for table `inbox`
--

CREATE TABLE `inbox` (
  `id` int(11) NOT NULL,
  `name` varchar(100) NOT NULL,
  `qty` varchar(100) NOT NULL,
  `price` varchar(100) NOT NULL,
  `avatar` varchar(100) DEFAULT NULL,
  `descs` varchar(100) DEFAULT NULL,
  `login_id` int(11) NOT NULL
) ENGINE=MyISAM DEFAULT CHARSET=latin1;

--
-- Dumping data for table `inbox`
--

INSERT INTO `inbox` (`id`, `name`, `qty`, `price`, `avatar`, `descs`, `login_id`) VALUES
(1, '53', 'hi', 'hi', 'https://i.ibb.co/k9fVg8V/Screenshot-2020-11-26-at-12-15-45-PM.png', '<p>hi</p>\r\n', 1),
(2, '1', 'hi', 'hi', '', '<p>hi</p>\r\n', 53),
(3, '1', 'hi', 'hi', '', '<p>hi</p>\r\n', 53),
(4, 'somebody', 'UPDATE beta!', 'yo', '', '<p>hi there!</p>\r\n', 53),
(5, 'Hello ', 'Getting Started', 'Admin', 'https://i.ibb.co/k9fVg8V/Screenshot-2020-11-26-at-12-15-45-PM.png', '<p><a href=\"https://media1.giphy.com/media/hEc4k5pN17GZq/giphy.gif\"><img alt=\"\" src=\"https://media1.', 1),
(6, '1', 'hi', 'Admin', 'https://i.ibb.co/k9fVg8V/Screenshot-2020-11-26-at-12-15-45-PM.png', '<p>hi</p>\r\n', 1),
(7, 'Hi there again people! ', 'UPDATE', 'Admin', 'https://i.ibb.co/k9fVg8V/Screenshot-2020-11-26-at-12-15-45-PM.png', '<p>Hey there! The homebase blog is now here! you can visit it at: <a href=\"https://homebase.rf.gd/bl', 1);

-- --------------------------------------------------------

--
-- Table structure for table `laundry`
--

CREATE TABLE `laundry` (
  `id` int(11) NOT NULL,
  `name` varchar(100) NOT NULL,
  `qty` varchar(100) NOT NULL,
  `price` varchar(100) NOT NULL,
  `login_id` int(11) NOT NULL
) ENGINE=MyISAM DEFAULT CHARSET=latin1;

--
-- Dumping data for table `laundry`
--

INSERT INTO `laundry` (`id`, `name`, `qty`, `price`, `login_id`) VALUES
(1, 'hi', 'hi', '1', 1),
(2, 'Laundry', '443298', '1', 1);

-- --------------------------------------------------------

--
-- Table structure for table `login`
--

CREATE TABLE `login` (
  `id` int(9) NOT NULL,
  `name` varchar(100) NOT NULL,
  `email` varchar(100) NOT NULL,
  `username` varchar(100) NOT NULL,
  `password` varchar(100) NOT NULL,
  `syncid` varchar(255) NOT NULL,
  `avatar` varchar(255) DEFAULT NULL,
  `user_avatar` varchar(255) NOT NULL,
  `welcome` varchar(255) NOT NULL,
  `theme` varchar(100) NOT NULL,
  `dark_mode` varchar(100) NOT NULL,
  `notifications` varchar(100) NOT NULL,
  `remind` varchar(100) DEFAULT NULL,
  `goal` text DEFAULT NULL
) ENGINE=MyISAM DEFAULT CHARSET=latin1;

--
-- Dumping data for table `login`
--

INSERT INTO `login` (`id`, `name`, `email`, `username`, `password`, `syncid`, `avatar`, `user_avatar`, `welcome`, `theme`, `dark_mode`, `notifications`, `remind`, `goal`) VALUES
(1, 'Admin', 'hello@homebase.rf.gd', 'Admin', '8d35bb893be698b827e5ad64908628f4', '53', '', 'https://i.ibb.co/1KhCks5/test-png.png', '1', '', '', '', '97', '9'),
(72, 'Cedric MALZAT', 'cedric.malzat@gmail.com', 'Kam3leoN', 'd98fe3c25570fb306d3e588ecd156f47', '', NULL, '', '', 'dark', '', '', '50', '1'),
(30, 'Ram V', 'sriramvijayendra@gmail.com', 'coinsup', '75fbc09d78025c777670b509485e41f5', '', NULL, '', '', '', '', '', NULL, NULL),
(51, 'daan', 'daanschenkel2@ziggo.nl', 'daansasa', '719d57f5afd387d6aa3dd1e7e3b17b0d', '', NULL, '', '', '', '', '', NULL, NULL),
(25, 'Pramodini', 'pramodinir@gmail.com', 'pramodinir@gmail.com', '18310dc6e8b56bbe306aebcf33c10422', '', NULL, 'https://i.ibb.co/hLydZHN/download.png', '1', '', '', '', '10', '26'),
(31, 'dev', 'dev', 'dev', 'e10adc3949ba59abbe56e057f20f883e', '', NULL, '', '', '', '', '', NULL, NULL),
(27, 'testuseraccount', '26gurudathmanusvat@iusd.org', 'dev', '8d35bb893be698b827e5ad64908628f4', '', NULL, '', '', '', '', '', NULL, NULL),
(53, '26gurudathmanusvat@iusd.org', '26gurudathmanusvat@iusd.org', '26gurudathmanusvat@iusd.org', '8d35bb893be698b827e5ad64908628f4', '1', NULL, '', '1', '', '', '', NULL, NULL),
(55, 'Preview', 'preview@preview.com', 'Previews', '574d1f6cae7ca93bfbdf71940ef9478b', '', NULL, '', '', '', '', '', NULL, NULL),
(57, 'ManuTheCoder', 'coolbitmoji@gmail.com', 'development', 'aeee5aa92a8c8d32974f2692d7c27a35', '', NULL, '', '1', '', '', '', NULL, NULL),
(71, 'Dimas Prassetya', 'dimas.prass15@gmail.com', 'prassetya.dimas', 'c9652c5e2584d76d7ded9ee88a536d1a', '', NULL, '', '', '', '', '', NULL, NULL),
(58, 'Laura Weiss', '26weisslaura@gmail.com', 'IHeartOranges', '31e037dd791bed7e648adad076e8cad3', '', NULL, '', '', '', '', '', NULL, NULL),
(60, 'asdfghjkl', 'asdfghjkl', 'asdfghjkl', 'c44a471bd78cc6c2fea32b9fe028d30a', '', NULL, '', '', '', '', '', NULL, NULL),
(61, 'Dhanya', 'dhanya@gmail.com', 'dhanya', '127fd808dc076ce616593cf376027d9e', '', NULL, '', '', '', '', '', NULL, NULL),
(79, 'Captain Kirk', 'captainkirk@gmail.com', 'Kirk', 'a468bb4820964dee5e0b6dbed46ec655', '', NULL, '', '', '', '', '', NULL, NULL),
(84, 'Asdf', 'Asdf', 'Asdf', 'a25fda70d4a94ee66872cf8194243a70', '', NULL, '', '', '', '', '', NULL, NULL),
(83, 'Captain James T. Kirk', 'captainkirk@gmail.com', 'jimkirk', 'a468bb4820964dee5e0b6dbed46ec655', '', NULL, '', '1', '', '', '', NULL, NULL),
(100, '', '', '', 'd41d8cd98f00b204e9800998ecf8427e', '-1', NULL, 'https://icon-library.com/images/google-user-icon/google-user-icon-21.jpg', '0', '', '', '', '20', NULL),
(98, 'ASDF', 'hello@homebase.rf.gd', 'TEST!!!', '4c9fcb0ce44185adcd264706544edf82', '-1', NULL, 'https://icon-library.com/images/google-user-icon/google-user-icon-21.jpg', '0', '', '', '', '20', NULL),
(97, 'pheralb', 'pheralb@pheralb.com', 'pheralb', '0739738839aa504a55fbb17bf29cfc63', '-1', NULL, 'https://icon-library.com/images/google-user-icon/google-user-icon-21.jpg', '0', '', '', '', '20', NULL),
(96, 'NEW ACCNT', 'NEW ACCNT', 'NEW ACCNT', '7c905e73c2eb00ef7707fdb409ba1810', '-1', NULL, 'https://icon-library.com/images/google-user-icon/google-user-icon-21.jpg', '1', '', '', '', '20', NULL),
(99, 'james', 'jamesdesouza12@yahoo.com', 'jamesdesouza12', '9ba36afc4e560bf811caefc0c7fddddf', '-1', NULL, 'https://icon-library.com/images/google-user-icon/google-user-icon-21.jpg', '1', '', '', '', '20', NULL);

-- --------------------------------------------------------

--
-- Table structure for table `products`
--

CREATE TABLE `products` (
  `id` int(11) NOT NULL,
  `name` varchar(100) NOT NULL,
  `qty` varchar(100) DEFAULT NULL,
  `price` varchar(100) DEFAULT NULL,
  `login_id` int(11) NOT NULL
) ENGINE=MyISAM DEFAULT CHARSET=latin1;

--
-- Dumping data for table `products`
--

INSERT INTO `products` (`id`, `name`, `qty`, `price`, `login_id`) VALUES
(31, 'Garlic', '1/2 lb', 'Fruits, Veggies, etc.', 25),
(30, 'Pizza sauce', '2 bottles', 'Fruits, Veggies, etc.', 25),
(104, 'f', '1', 'Fruits, Veggies, etc.', 73),
(72, 'Onions', '4lbs', 'Fruits, Veggies, etc.', 25),
(15, '122222', '1', 'Fruits, Veggies, etc.', 17),
(27, 'Puffed rice', '1', 'Fruits, Veggies, etc.', 25),
(211, 'Rice', '10', 'Fruits, Veggies, etc.', 25),
(32, 'Cauliflower', '1lb', 'Fruits, Veggies, etc.', 25),
(33, 'Peas', '1lb', 'Fruits, Veggies, etc.', 25),
(34, 'Yogurt ', '2 boxes ', 'Fruits, Veggies, etc.', 25),
(35, 'Urad dal', '1lb', 'Fruits, Veggies, etc.', 25),
(191, 'https://josiasdev.best/free-hosting-services-for-web-developers', '1', 'Fruits, Veggies, etc.', 1),
(37, 'Tomatoes ', '1lb', 'Fruits, Veggies, etc.', 25),
(38, 'Ginger ', '1/2lb', 'Fruits, Veggies, etc.', 25),
(39, 'Green Bell Peppers', '1 lb', 'Fruits, Veggies, etc.', 25),
(40, 'Yellow,red and orange bell peppers ', '2 of each', 'Fruits, Veggies, etc.', 25),
(42, 'Milk', '4 gallons', 'Fruits, Veggies, etc.', 25),
(43, 'Samosas', '50 pieces', 'Fruits, Veggies, etc.', 25),
(56, 'Green bell pepper', '4', 'Fruits, Veggies, etc.', 25),
(57, 'Basil', '1 plant', 'Fruits, Veggies, etc.', 25),
(58, 'Purple cabbage ', '1', 'Fruits, Veggies, etc.', 25),
(207, 'Broccoflower', '1', 'Fruits, Veggies, etc.', 1),
(196, 'Kidney beans', '1', 'Fruits, Veggies, etc.', 1),
(197, 'Orange', '1', 'Fruits, Veggies, etc.', 1),
(198, 'Loquat', '1', 'Fruits, Veggies, etc.', 1),
(200, 'Zucchini Squash', '1', 'Fruits, Veggies, etc.', 1),
(201, 'php', '1', 'Fruits, Veggies, etc.', 1),
(202, 'Asparagus', '1', 'Fruits, Veggies, etc.', 1),
(203, 'Asian Pear', '1', 'Fruits, Veggies, etc.', 1),
(204, 'JavaScript', '1', 'Fruits, Veggies, etc.', 1),
(205, 'Perl', '1', 'Fruits, Veggies, etc.', 1),
(212, 'Napa', '91', 'Fruits, Veggies, etc.', 1),
(213, 'Hi there', '1', 'Fruits, Veggies, etc.', 1),
(210, 'Juice', '1', 'Fruits, Veggies, etc.', 1),
(187, 'Zucchini', '0.5lbs', 'Fruits, Veggies, etc.', 25),
(186, 'Milk', '3 gallons', 'Fruits, Veggies, etc.', 25),
(216, 'Bell Peppers', '3', 'Fruits, Veggies, etc.', 25),
(192, 'sasasasasasadsas', '1', 'Fruits, Veggies, etc.', 1),
(162, 'item', '1', 'Fruits, Veggies, etc.', 1),
(217, 'Melon', '1', 'Fruits, Veggies, etc.', 1),
(218, 'Melon', '1', 'Fruits, Veggies, etc.', 1),
(225, 'dsfjkdas;jflkasdjfksjkdlf', '1', 'Fruits, Veggies, etc.', 1),
(228, '1231283091723812837918', '1', 'Fruits, Veggies, etc.', 1),
(223, 'Item name 123456', '1', 'Fruits, Veggies, etc.', 1),
(229, '1231283091723812837918', '1', 'Fruits, Veggies, etc.', 1),
(230, 'Radicchio', '1', 'Fruits, Veggies, etc.', 1),
(231, 'e3213123', '1', 'Fruits, Veggies, etc.', 1),
(232, '13213123123', '1', 'Fruits, Veggies, etc.', 1),
(233, 'dsdasdasd', '1', 'Fruits, Veggies, etc.', 1),
(234, '5235452345345', '1', 'Fruits, Veggies, etc.', 1),
(235, '235342534534', '1', 'Fruits, Veggies, etc.', 1),
(236, '4235345243534523454325', '1', 'Fruits, Veggies, etc.', 1),
(237, '3425432532535345', '1', 'Fruits, Veggies, etc.', 1),
(238, '235345', '1', 'Fruits, Veggies, etc.', 1),
(239, '23534543', '1', 'Fruits, Veggies, etc.', 1),
(240, '2353543', '1', 'Fruits, Veggies, etc.', 1),
(241, '235', '1', 'Fruits, Veggies, etc.', 1),
(242, '23452345', '1', 'Fruits, Veggies, etc.', 1),
(243, '235', '1', 'Fruits, Veggies, etc.', 1),
(244, '234523', '1', 'Fruits, Veggies, etc.', 1),
(245, '234523452345345', '1', 'Fruits, Veggies, etc.', 1),
(246, 'TEST PDO', 'TEST PDO', 'Fruits, Veggies, etc.', 1),
(247, 'TEST PDOTEST PDOTEST PDOTEST PDOTEST PDO', 'TEST PDOTEST PDOTEST PDOTEST PDO', 'Fruits, Veggies, etc.', 1),
(248, 'I LOVE KITCHEN PDO', '1', 'Fruits, Veggies, etc.', 1),
(249, '8023479123874', '1', 'Fruits, Veggies, etc.', 1),
(250, 'SYNC PDO', '1', 'Fruits, Veggies, etc.', 53),
(251, 'SYNC PDO', '1', 'Fruits, Veggies, etc.', 53),
(252, 'SYNC PDO', '1', 'Fruits, Veggies, etc.', 53),
(253, 'SYNC PDO', '1', 'Fruits, Veggies, etc.', 53),
(254, 'SYNC PDO', '1', 'Fruits, Veggies, etc.', 53),
(258, '1218219821798271', '1', 'Fruits, Veggies, etc.', 1),
(260, '12', '1', 'Fruits, Veggies, etc.', 1),
(261, '34234', '1', 'Fruits, Veggies, etc.', 1),
(262, '4234324234', '1', 'Fruits, Veggies, etc.', 1),
(263, '4232323984782394', '1', 'Fruits, Veggies, etc.', 1),
(264, '1234234', '1', 'Fruits, Veggies, etc.', 1),
(265, '324123423423', '1', 'Fruits, Veggies, etc.', 1),
(266, '1241234324', '1', 'Fruits, Veggies, etc.', 1),
(267, '12', '1', 'Fruits, Veggies, etc.', 1),
(269, 'qtay', '1', 'Fruits, Veggies, etc.', 1),
(270, 'QTY 1111', '1', 'tag', 1),
(271, 'Item name', 'QTY', 'TAG', 1),
(272, 'Cutlery', '1', 'Cutlery', 1),
(273, 'Pot', '1', 'Pots and Pans', 1),
(274, 'Apple', '1', 'Fruits, Veggies, etc.', 1),
(275, 'Bottle', '1', 'Bottles and Cups', 1),
(276, 'Plate', '1', 'Bowls and Plates', 1),
(281, 'qwert', '1', 'Fruits, Veggies, etc.', 99),
(283, 'as', 'as', '1', 1),
(282, 'Apple', '1', 'Fruits, Veggies, etc.', 1),
(278, 'Asian Pear', '1', 'Bottles and Cups', 1),
(277, 'Item', '1', 'Fruits, Veggies, etc.', 25);

-- --------------------------------------------------------

--
-- Table structure for table `pwd`
--

CREATE TABLE `pwd` (
  `id` int(11) NOT NULL,
  `name` varchar(100) NOT NULL,
  `qty` varchar(500) NOT NULL,
  `price` varchar(100) NOT NULL,
  `login_id` int(11) NOT NULL,
  `iname` varchar(100) DEFAULT NULL,
  `iqty` varchar(100) DEFAULT NULL,
  `ipname` varchar(100) DEFAULT NULL,
  `ipprice` varchar(100) DEFAULT NULL
) ENGINE=MyISAM DEFAULT CHARSET=latin1;

--
-- Dumping data for table `pwd`
--

INSERT INTO `pwd` (`id`, `name`, `qty`, `price`, `login_id`, `iname`, `iqty`, `ipname`, `ipprice`) VALUES
(2, '156140171', '204', '1', 0, NULL, NULL, NULL, NULL),
(3, 'elementgaming', '203', '1', 0, NULL, NULL, NULL, NULL),
(4, '156140171', '203', '1', 0, NULL, NULL, NULL, NULL),
(5, 'test', '202', '1', 0, NULL, NULL, NULL, NULL),
(10, '196', '', '', 0, NULL, NULL, NULL, NULL),
(13, 'jimkirk', '196', '', 0, 'Kidney beans', '1', 'Admin', NULL),
(14, 'Captain James T. Kirk', '191', '', 1, 'https://josiasdev.best/free-hosting-services-for-web-developers', '1', 'Admin', NULL),
(15, 'Captain James T. Kirk', '191', '', 1, 'https://josiasdev.best/free-hosting-services-for-web-developers', '1', 'Admin', NULL),
(16, '156140171', '201', '', 1, 'php', '1', 'Admin', NULL),
(17, 'trayna', '207', '', 1, 'Broccoflower', '1', 'Admin', NULL),
(18, 'tranya', '207', '', 1, 'Broccoflower', '1', 'Admin', NULL),
(19, 'indian_dicker', '207', '', 1, 'Broccoflower', '1', 'Admin', NULL),
(27, '1', '205', '', 1, 'Perl', '1', 'Admin', NULL),
(28, 'W', '209', '', 25, 'Test', '1', 'Pramodini', NULL),
(29, '1', '187', '', 25, 'Zucchini', '0.5lbs', 'Pramodini', NULL);

-- --------------------------------------------------------

--
-- Table structure for table `storageroom`
--

CREATE TABLE `storageroom` (
  `id` int(11) NOT NULL,
  `name` varchar(100) NOT NULL,
  `qty` varchar(100) NOT NULL,
  `price` varchar(100) NOT NULL,
  `login_id` int(11) NOT NULL
) ENGINE=MyISAM DEFAULT CHARSET=latin1;

--
-- Dumping data for table `storageroom`
--

INSERT INTO `storageroom` (`id`, `name`, `qty`, `price`, `login_id`) VALUES
(7, 'Storage', '1', '1', 1);

-- --------------------------------------------------------

--
-- Table structure for table `todo`
--

CREATE TABLE `todo` (
  `id` int(11) NOT NULL,
  `name` varchar(100) NOT NULL,
  `qty` varchar(100) NOT NULL,
  `price` varchar(100) NOT NULL,
  `login_id` int(11) NOT NULL,
  `descs` text DEFAULT NULL
) ENGINE=MyISAM DEFAULT CHARSET=latin1;

--
-- Dumping data for table `todo`
--

INSERT INTO `todo` (`id`, `name`, `qty`, `price`, `login_id`, `descs`) VALUES
(103, 'myitems1', 'Lowest', '', 99, ''),
(101, 'Task Title', 'Medium', 'mm/dd/yyyy', 1, '<p>Task description</p>\r\n'),
(102, 'Task Title', 'Medium', 'mm/dd/yyyy', 1, '<p>Task description</p>\r\n'),
(99, 'Task Title', 'Medium', 'mm/dd/yyyy', 1, '<p>Task description</p>\r\n'),
(100, 'Task Title', 'Medium', 'mm/dd/yyyy', 1, '<p>Task description</p>\r\n');

--
-- Indexes for dumped tables
--

--
-- Indexes for table `analytics`
--
ALTER TABLE `analytics`
  ADD PRIMARY KEY (`id`),
  ADD KEY `FK_products_1` (`login_id`);

--
-- Indexes for table `bathroom`
--
ALTER TABLE `bathroom`
  ADD PRIMARY KEY (`id`),
  ADD KEY `FK_products_1` (`login_id`);

--
-- Indexes for table `bedroom`
--
ALTER TABLE `bedroom`
  ADD PRIMARY KEY (`id`),
  ADD KEY `FK_products_1` (`login_id`);

--
-- Indexes for table `bm`
--
ALTER TABLE `bm`
  ADD PRIMARY KEY (`id`),
  ADD KEY `FK_products_1` (`login_id`);

--
-- Indexes for table `camping`
--
ALTER TABLE `camping`
  ADD PRIMARY KEY (`id`),
  ADD KEY `FK_products_1` (`login_id`);

--
-- Indexes for table `dining_room`
--
ALTER TABLE `dining_room`
  ADD PRIMARY KEY (`id`),
  ADD KEY `FK_products_1` (`login_id`);

--
-- Indexes for table `family`
--
ALTER TABLE `family`
  ADD PRIMARY KEY (`id`),
  ADD KEY `FK_products_1` (`login_id`);

--
-- Indexes for table `features`
--
ALTER TABLE `features`
  ADD PRIMARY KEY (`id`),
  ADD KEY `FK_products_1` (`login_id`);

--
-- Indexes for table `garage`
--
ALTER TABLE `garage`
  ADD PRIMARY KEY (`id`),
  ADD KEY `FK_products_1` (`login_id`);

--
-- Indexes for table `grocerylist`
--
ALTER TABLE `grocerylist`
  ADD PRIMARY KEY (`id`),
  ADD KEY `FK_products_1` (`login_id`);

--
-- Indexes for table `inbox`
--
ALTER TABLE `inbox`
  ADD PRIMARY KEY (`id`),
  ADD KEY `FK_products_1` (`login_id`);

--
-- Indexes for table `laundry`
--
ALTER TABLE `laundry`
  ADD PRIMARY KEY (`id`),
  ADD KEY `FK_products_1` (`login_id`);

--
-- Indexes for table `login`
--
ALTER TABLE `login`
  ADD PRIMARY KEY (`id`);

--
-- Indexes for table `products`
--
ALTER TABLE `products`
  ADD PRIMARY KEY (`id`),
  ADD KEY `FK_products_1` (`login_id`);

--
-- Indexes for table `pwd`
--
ALTER TABLE `pwd`
  ADD PRIMARY KEY (`id`),
  ADD KEY `FK_products_1` (`login_id`);

--
-- Indexes for table `storageroom`
--
ALTER TABLE `storageroom`
  ADD PRIMARY KEY (`id`),
  ADD KEY `FK_products_1` (`login_id`);

--
-- Indexes for table `todo`
--
ALTER TABLE `todo`
  ADD PRIMARY KEY (`id`),
  ADD KEY `FK_products_1` (`login_id`);

--
-- AUTO_INCREMENT for dumped tables
--

--
-- AUTO_INCREMENT for table `analytics`
--
ALTER TABLE `analytics`
  MODIFY `id` int(11) NOT NULL AUTO_INCREMENT, AUTO_INCREMENT=1998;

--
-- AUTO_INCREMENT for table `bathroom`
--
ALTER TABLE `bathroom`
  MODIFY `id` int(11) NOT NULL AUTO_INCREMENT, AUTO_INCREMENT=16;

--
-- AUTO_INCREMENT for table `bedroom`
--
ALTER TABLE `bedroom`
  MODIFY `id` int(11) NOT NULL AUTO_INCREMENT, AUTO_INCREMENT=24;

--
-- AUTO_INCREMENT for table `bm`
--
ALTER TABLE `bm`
  MODIFY `id` int(11) NOT NULL AUTO_INCREMENT, AUTO_INCREMENT=154;

--
-- AUTO_INCREMENT for table `camping`
--
ALTER TABLE `camping`
  MODIFY `id` int(11) NOT NULL AUTO_INCREMENT, AUTO_INCREMENT=4;

--
-- AUTO_INCREMENT for table `dining_room`
--
ALTER TABLE `dining_room`
  MODIFY `id` int(11) NOT NULL AUTO_INCREMENT, AUTO_INCREMENT=6;

--
-- AUTO_INCREMENT for table `family`
--
ALTER TABLE `family`
  MODIFY `id` int(11) NOT NULL AUTO_INCREMENT, AUTO_INCREMENT=9;

--
-- AUTO_INCREMENT for table `features`
--
ALTER TABLE `features`
  MODIFY `id` int(11) NOT NULL AUTO_INCREMENT, AUTO_INCREMENT=2;

--
-- AUTO_INCREMENT for table `garage`
--
ALTER TABLE `garage`
  MODIFY `id` int(11) NOT NULL AUTO_INCREMENT, AUTO_INCREMENT=9;

--
-- AUTO_INCREMENT for table `grocerylist`
--
ALTER TABLE `grocerylist`
  MODIFY `id` int(11) NOT NULL AUTO_INCREMENT, AUTO_INCREMENT=52;

--
-- AUTO_INCREMENT for table `inbox`
--
ALTER TABLE `inbox`
  MODIFY `id` int(11) NOT NULL AUTO_INCREMENT, AUTO_INCREMENT=8;

--
-- AUTO_INCREMENT for table `laundry`
--
ALTER TABLE `laundry`
  MODIFY `id` int(11) NOT NULL AUTO_INCREMENT, AUTO_INCREMENT=5;

--
-- AUTO_INCREMENT for table `login`
--
ALTER TABLE `login`
  MODIFY `id` int(9) NOT NULL AUTO_INCREMENT, AUTO_INCREMENT=101;

--
-- AUTO_INCREMENT for table `products`
--
ALTER TABLE `products`
  MODIFY `id` int(11) NOT NULL AUTO_INCREMENT, AUTO_INCREMENT=284;

--
-- AUTO_INCREMENT for table `pwd`
--
ALTER TABLE `pwd`
  MODIFY `id` int(11) NOT NULL AUTO_INCREMENT, AUTO_INCREMENT=30;

--
-- AUTO_INCREMENT for table `storageroom`
--
ALTER TABLE `storageroom`
  MODIFY `id` int(11) NOT NULL AUTO_INCREMENT, AUTO_INCREMENT=8;

--
-- AUTO_INCREMENT for table `todo`
--
ALTER TABLE `todo`
  MODIFY `id` int(11) NOT NULL AUTO_INCREMENT, AUTO_INCREMENT=104;
COMMIT;

/*!40101 SET CHARACTER_SET_CLIENT=@OLD_CHARACTER_SET_CLIENT */;
/*!40101 SET CHARACTER_SET_RESULTS=@OLD_CHARACTER_SET_RESULTS */;
/*!40101 SET COLLATION_CONNECTION=@OLD_COLLATION_CONNECTION */;
